"Name";"Artikelnummer";"QR-/Barcode";"Kategorie";"Unterkategorie";"Einheit";"Durchmesser";"Laenge";"Bestand";"Mindestbestand";"Lagerort";"Lieferant";"Notiz";"Listenpreis";"Einkaufspreis";"Rabatt"
"Holzbauschrauben Senkkopf 6mm Torx, verzinkt, ETA geprüft";"78000-60100";"78000-60100";"Befestigungsmittel";"Holzbauschrauben Senkkopf";"100 Stk";"6";"100";"0";"0";"";"Holzbau-Shop";"";"20,41";"6,12";"70,0"
"Holzbauschrauben Senkkopf 6mm Torx, verzinkt, ETA geprüft";"78000-60120";"78000-60120";"Befestigungsmittel";"Holzbauschrauben Senkkopf";"100 Stk";"6";"120";"0";"0";"";"Holzbau-Shop";"";"21,48";"6,44";"70,0"
"Holzbauschrauben Senkkopf 6mm Torx, verzinkt, ETA geprüft";"78000-60130";"78000-60130";"Befestigungsmittel";"Holzbauschrauben Senkkopf";"100 Stk";"6";"130";"0";"0";"";"Holzbau-Shop";"";"27,60";"8,28";"70,0"
"Holzbauschrauben Senkkopf 6mm Torx, verzinkt, ETA geprüft";"78000-60140";"78000-60140";"Befestigungsmittel";"Holzbauschrauben Senkkopf";"100 Stk";"6";"140";"0";"0";"";"Holzbau-Shop";"";"30,07";"9,02";"70,0"
"Holzbauschrauben Senkkopf 6mm Torx, verzinkt, ETA geprüft";"78000-60160";"78000-60160";"Befestigungsmittel";"Holzbauschrauben Senkkopf";"100 Stk";"6";"160";"0";"0";"";"Holzbau-Shop";"";"36,75";"11,03";"70,0"
"Holzbauschrauben Senkkopf 6mm Torx, verzinkt, ETA geprüft";"78000-60180";"78000-60180";"Befestigungsmittel";"Holzbauschrauben Senkkopf";"100 Stk";"6";"180";"0";"0";"";"Holzbau-Shop";"";"52,86";"15,86";"70,0"
"Holzbauschrauben Senkkopf 6mm Torx, verzinkt, ETA geprüft";"78000-60200";"78000-60200";"Befestigungsmittel";"Holzbauschrauben Senkkopf";"100 Stk";"6";"200";"0";"0";"";"Holzbau-Shop";"";"61,76";"18,53";"70,0"
"Holzbauschrauben Senkkopf 6mm Torx, verzinkt, ETA geprüft";"78000-6060";"78000-6060";"Befestigungsmittel";"Holzbauschrauben Senkkopf";"100 Stk";"6";"60";"0";"0";"";"Holzbau-Shop";"";"15,48";"4,64";"70,0"
"Holzbauschrauben Senkkopf 6mm Torx, verzinkt, ETA geprüft";"78000-6070";"78000-6070";"Befestigungsmittel";"Holzbauschrauben Senkkopf";"100 Stk";"6";"70";"0";"0";"";"Holzbau-Shop";"";"17,49";"5,25";"70,0"
"Holzbauschrauben Senkkopf 6mm Torx, verzinkt, ETA geprüft";"78000-6080";"78000-6080";"Befestigungsmittel";"Holzbauschrauben Senkkopf";"100 Stk";"6";"80";"0";"0";"";"Holzbau-Shop";"";"18,16";"5,45";"70,0"
"Holzbauschrauben Senkkopf 6mm Torx, verzinkt, ETA geprüft";"78000-6090";"78000-6090";"Befestigungsmittel";"Holzbauschrauben Senkkopf";"100 Stk";"6";"90";"0";"0";"";"Holzbau-Shop";"";"20,14";"6,04";"70,0"
"Holzbauschrauben Senkkopf 8mm Torx, verzinkt, ETA geprüft";"79000-80100";"79000-80100";"Befestigungsmittel";"Holzbauschrauben Senkkopf";"100 Stk";"8";"100";"0";"0";"";"Holzbau-Shop";"";"34,73";"10,42";"70,0"
"Holzbauschrauben Senkkopf 8mm Torx, verzinkt, ETA geprüft";"79000-80120";"79000-80120";"Befestigungsmittel";"Holzbauschrauben Senkkopf";"100 Stk";"8";"120";"0";"0";"";"Holzbau-Shop";"";"40,42";"12,13";"70,0"
"Holzbauschrauben Senkkopf 8mm Torx, verzinkt, ETA geprüft";"79000-80140";"79000-80140";"Befestigungsmittel";"Holzbauschrauben Senkkopf";"100 Stk";"8";"140";"0";"0";"";"Holzbau-Shop";"";"53,78";"16,13";"70,0"
"Holzbauschrauben Senkkopf 8mm Torx, verzinkt, ETA geprüft";"79000-80160";"79000-80160";"Befestigungsmittel";"Holzbauschrauben Senkkopf";"100 Stk";"8";"160";"0";"0";"";"Holzbau-Shop";"";"64,55";"19,37";"70,0"
"Holzbauschrauben Senkkopf 8mm Torx, verzinkt, ETA geprüft";"79000-80180";"79000-80180";"Befestigungsmittel";"Holzbauschrauben Senkkopf";"100 Stk";"8";"180";"0";"0";"";"Holzbau-Shop";"";"76,81";"23,04";"70,0"
"Holzbauschrauben Senkkopf 8mm Torx, verzinkt, ETA geprüft";"79000-80200";"79000-80200";"Befestigungsmittel";"Holzbauschrauben Senkkopf";"100 Stk";"8";"200";"0";"0";"";"Holzbau-Shop";"";"84,59";"25,38";"70,0"
"Holzbauschrauben Senkkopf 8mm Torx, verzinkt, ETA geprüft";"79000-80220";"79000-80220";"Befestigungsmittel";"Holzbauschrauben Senkkopf";"100 Stk";"8";"220";"0";"0";"";"Holzbau-Shop";"";"105,75";"31,73";"70,0"
"Holzbauschrauben Senkkopf 8mm Torx, verzinkt, ETA geprüft";"79000-80240";"79000-80240";"Befestigungsmittel";"Holzbauschrauben Senkkopf";"100 Stk";"8";"240";"0";"0";"";"Holzbau-Shop";"";"113,53";"34,06";"70,0"
"Holzbauschrauben Senkkopf 8mm Torx, verzinkt, ETA geprüft";"79000-80260";"79000-80260";"Befestigungsmittel";"Holzbauschrauben Senkkopf";"100 Stk";"8";"260";"0";"0";"";"Holzbau-Shop";"";"121,33";"36,40";"70,0"
"Holzbauschrauben Senkkopf 8mm Torx, verzinkt, ETA geprüft";"79000-80280";"79000-80280";"Befestigungsmittel";"Holzbauschrauben Senkkopf";"100 Stk";"8";"280";"0";"0";"";"Holzbau-Shop";"";"158,05";"47,42";"70,0"
"Holzbauschrauben Senkkopf 8mm Torx, verzinkt, ETA geprüft";"79000-80300";"79000-80300";"Befestigungsmittel";"Holzbauschrauben Senkkopf";"100 Stk";"8";"300";"0";"0";"";"Holzbau-Shop";"";"166,95";"50,09";"70,0"
"Holzbauschrauben Senkkopf 8mm Torx, verzinkt, ETA geprüft";"79000-80320";"79000-80320";"Befestigungsmittel";"Holzbauschrauben Senkkopf";"100 Stk";"8";"320";"0";"0";"";"Holzbau-Shop";"";"208,15";"62,45";"70,0"
"Holzbauschrauben Senkkopf 8mm Torx, verzinkt, ETA geprüft";"79000-80340";"79000-80340";"Befestigungsmittel";"Holzbauschrauben Senkkopf";"100 Stk";"8";"340";"0";"0";"";"Holzbau-Shop";"";"234,86";"70,46";"70,0"
"Holzbauschrauben Senkkopf 8mm Torx, verzinkt, ETA geprüft";"79000-80360";"79000-80360";"Befestigungsmittel";"Holzbauschrauben Senkkopf";"100 Stk";"8";"360";"0";"0";"";"Holzbau-Shop";"";"254,89";"76,47";"70,0"
"Holzbauschrauben Senkkopf 8mm Torx, verzinkt, ETA geprüft";"79000-80380";"79000-80380";"Befestigungsmittel";"Holzbauschrauben Senkkopf";"100 Stk";"8";"380";"0";"0";"";"Holzbau-Shop";"";"266,02";"79,81";"70,0"
"Holzbauschrauben Senkkopf 8mm Torx, verzinkt, ETA geprüft";"79000-80400";"79000-80400";"Befestigungsmittel";"Holzbauschrauben Senkkopf";"100 Stk";"8";"400";"0";"0";"";"Holzbau-Shop";"";"294,96";"88,49";"70,0"
"Holzbauschrauben Senkkopf 8mm Torx, verzinkt, ETA geprüft";"79000-8080";"79000-8080";"Befestigungsmittel";"Holzbauschrauben Senkkopf";"100 Stk";"8";"80";"0";"0";"";"Holzbau-Shop";"";"31,16";"9,35";"70,0"
"Holzbauschrauben Senkkopf 10mm Torx, verzinkt, ETA geprüft";"79100-100400";"79100-100400";"Befestigungsmittel";"Holzbauschrauben Senkkopf";"100 Stk";"10";"400";"0";"0";"";"Holzbau-Shop";"";"399,58";"119,87";"70,0"
"WIBIT - Doppelbit 100mm Torx 20/Torx 25";"40097";"40097";"Befestigungsmittel";"Sonstiges";"Stk";"";"";"0";"0";"";"Holzbau-Shop";"";"4,24";"2,76";"35,0"
"WIBIT - Doppelbit 100mm Torx 30/Torx 40";"40098";"40098";"Befestigungsmittel";"Sonstiges";"Stk";"";"";"0";"0";"";"Holzbau-Shop";"";"4,24";"2,76";"35,0"
"Rosetten";"70042-10";"70042-10";"Befestigungsmittel";"Sonstiges";"100 Stk";"";"";"0";"0";"";"Holzbau-Shop";"";"137,80";"41,34";"70,0"
"Rosetten";"70042-6";"70042-6";"Befestigungsmittel";"Sonstiges";"100 Stk";"";"";"0";"0";"";"Holzbau-Shop";"";"91,44";"27,43";"70,0"
"Rosetten";"70042-8";"70042-8";"Befestigungsmittel";"Sonstiges";"100 Stk";"";"";"0";"0";"";"Holzbau-Shop";"";"104,62";"31,39";"70,0"
"Torx Holzbauschrauben - Sortiment 1.310-teilig, Schabenut, Fräsrippen";"71999";"71999";"Befestigungsmittel";"Sonstiges";"Stk";"7,1";"999";"0";"0";"";"Holzbau-Shop";"";"68,90";"20,67";"70,0"
"Holzbauschrauben Tellerkopf 6mm Torx, verzinkt, ETA geprüft";"77000-60100";"77000-60100";"Befestigungsmittel";"Holzbauschrauben Tellerkopf";"100 Stk";"6";"100";"0";"0";"";"Holzbau-Shop";"";"23,85";"7,16";"70,0"
"Holzbauschrauben Tellerkopf 6mm Torx, verzinkt, ETA geprüft";"77000-60120";"77000-60120";"Befestigungsmittel";"Holzbauschrauben Tellerkopf";"100 Stk";"6";"120";"0";"0";"";"Holzbau-Shop";"";"29,57";"8,87";"70,0"
"Holzbauschrauben Tellerkopf 6mm Torx, verzinkt, ETA geprüft";"77000-60140";"77000-60140";"Befestigungsmittel";"Holzbauschrauben Tellerkopf";"100 Stk";"6";"140";"0";"0";"";"Holzbau-Shop";"";"39,11";"11,73";"70,0"
"Holzbauschrauben Tellerkopf 6mm Torx, verzinkt, ETA geprüft";"77000-60160";"77000-60160";"Befestigungsmittel";"Holzbauschrauben Tellerkopf";"100 Stk";"6";"160";"0";"0";"";"Holzbau-Shop";"";"48,65";"14,60";"70,0"
"Holzbauschrauben Tellerkopf 6mm Torx, verzinkt, ETA geprüft";"77000-60180";"77000-60180";"Befestigungsmittel";"Holzbauschrauben Tellerkopf";"100 Stk";"6";"180";"0";"0";"";"Holzbau-Shop";"";"69,64";"20,89";"70,0"
"Holzbauschrauben Tellerkopf 6mm Torx, verzinkt, ETA geprüft";"77000-60200";"77000-60200";"Befestigungsmittel";"Holzbauschrauben Tellerkopf";"100 Stk";"6";"200";"0";"0";"";"Holzbau-Shop";"";"80,14";"24,04";"70,0"
"Holzbauschrauben Tellerkopf 6mm Torx, verzinkt, ETA geprüft";"77000-6080";"77000-6080";"Befestigungsmittel";"Holzbauschrauben Tellerkopf";"100 Stk";"6";"80";"0";"0";"";"Holzbau-Shop";"";"20,99";"6,30";"70,0"
"Holzverbinderschrauben, Winkelbeschlag-Schraube, ETA geprüft, TX20";"80000-5040";"80000-5040";"Befestigungsmittel";"Verbinder / Winkel";"100 Stk";"5";"40";"0";"0";"";"Holzbau-Shop";"";"10,67";"3,20";"70,0"
"Holzverbinderschrauben, Winkelbeschlag-Schraube, ETA geprüft, TX20";"80000-5050";"80000-5050";"Befestigungsmittel";"Verbinder / Winkel";"100 Stk";"5";"50";"0";"0";"";"Holzbau-Shop";"";"12,47";"3,74";"70,0"
"Holzverbinderschrauben, Winkelbeschlag-Schraube, ETA geprüft, TX20";"80000-5070";"80000-5070";"Befestigungsmittel";"Verbinder / Winkel";"100 Stk";"5";"70";"0";"0";"";"Holzbau-Shop";"";"17,77";"5,33";"70,0"
"Holzbauschrauben Hybridkopf, verzinkt";"70000-80100";"70000-80100";"Befestigungsmittel";"Sonstiges";"100 Stk";"8";"100";"0";"0";"";"Holzbau-Shop";"";"58,30";"17,49";"70,0"
"Holzbauschrauben Hybridkopf, verzinkt";"70000-80120";"70000-80120";"Befestigungsmittel";"Sonstiges";"100 Stk";"8";"120";"0";"0";"";"Holzbau-Shop";"";"69,96";"20,99";"70,0"
"Holzbauschrauben Hybridkopf, verzinkt";"70000-80140";"70000-80140";"Befestigungsmittel";"Sonstiges";"100 Stk";"8";"140";"0";"0";"";"Holzbau-Shop";"";"81,62";"24,49";"70,0"
"Holzbauschrauben Hybridkopf, verzinkt";"70000-80160";"70000-80160";"Befestigungsmittel";"Sonstiges";"100 Stk";"8";"160";"0";"0";"";"Holzbau-Shop";"";"94,34";"28,30";"70,0"
"Holzbauschrauben Hybridkopf, verzinkt";"70000-80180";"70000-80180";"Befestigungsmittel";"Sonstiges";"100 Stk";"8";"180";"0";"0";"";"Holzbau-Shop";"";"110,24";"33,07";"70,0"
"Holzbauschrauben Hybridkopf, verzinkt";"70000-80200";"70000-80200";"Befestigungsmittel";"Sonstiges";"100 Stk";"8";"200";"0";"0";"";"Holzbau-Shop";"";"127,20";"38,16";"70,0"
"Holzbauschrauben Hybridkopf, verzinkt";"70000-80220";"70000-80220";"Befestigungsmittel";"Sonstiges";"100 Stk";"8";"220";"0";"0";"";"Holzbau-Shop";"";"148,40";"44,52";"70,0"
"Holzbauschrauben Hybridkopf, verzinkt";"70000-80240";"70000-80240";"Befestigungsmittel";"Sonstiges";"100 Stk";"8";"240";"0";"0";"";"Holzbau-Shop";"";"159,00";"47,70";"70,0"
"Holzbauschrauben Hybridkopf, verzinkt";"70000-80260";"70000-80260";"Befestigungsmittel";"Sonstiges";"100 Stk";"8";"260";"0";"0";"";"Holzbau-Shop";"";"190,80";"57,24";"70,0"
"Holzbauschrauben Hybridkopf, verzinkt";"70000-80280";"70000-80280";"Befestigungsmittel";"Sonstiges";"100 Stk";"8";"280";"0";"0";"";"Holzbau-Shop";"";"206,70";"62,01";"70,0"
"Holzbauschrauben Hybridkopf, verzinkt";"70000-80300";"70000-80300";"Befestigungsmittel";"Sonstiges";"100 Stk";"8";"300";"0";"0";"";"Holzbau-Shop";"";"233,20";"69,96";"70,0"
"Holzbauschrauben Hybridkopf, verzinkt";"70000-8080";"70000-8080";"Befestigungsmittel";"Sonstiges";"100 Stk";"8";"80";"0";"0";"";"Holzbau-Shop";"";"41,34";"12,40";"70,0"
"Holzbauschrauben Tellerkopf 8 mm Torx, verzinkt, ETA geprüft";"76000-80100";"76000-80100";"Befestigungsmittel";"Holzbauschrauben Tellerkopf";"100 Stk";"8";"100";"0";"0";"";"Holzbau-Shop";"";"43,42";"9,99";"77,0"
"Holzbauschrauben Tellerkopf 8 mm Torx, verzinkt, ETA geprüft";"76000-80120";"76000-80120";"Befestigungsmittel";"Holzbauschrauben Tellerkopf";"100 Stk";"8";"120";"0";"0";"";"Holzbau-Shop";"";"48,97";"11,26";"77,0"
"Holzbauschrauben Tellerkopf 8 mm Torx, verzinkt, ETA geprüft";"76000-80140";"76000-80140";"Befestigungsmittel";"Holzbauschrauben Tellerkopf";"100 Stk";"8";"140";"0";"0";"";"Holzbau-Shop";"";"61,23";"14,08";"77,0"
"Holzbauschrauben Tellerkopf 8 mm Torx, verzinkt, ETA geprüft";"76000-80160";"76000-80160";"Befestigungsmittel";"Holzbauschrauben Tellerkopf";"100 Stk";"8";"160";"0";"0";"";"Holzbau-Shop";"";"73,46";"16,90";"77,0"
"Holzbauschrauben Tellerkopf 8 mm Torx, verzinkt, ETA geprüft";"76000-80180";"76000-80180";"Befestigungsmittel";"Holzbauschrauben Tellerkopf";"100 Stk";"8";"180";"0";"0";"";"Holzbau-Shop";"";"93,49";"21,50";"77,0"
"Holzbauschrauben Tellerkopf 8 mm Torx, verzinkt, ETA geprüft";"76000-80200";"76000-80200";"Befestigungsmittel";"Holzbauschrauben Tellerkopf";"100 Stk";"8";"200";"0";"0";"";"Holzbau-Shop";"";"101,30";"23,30";"77,0"
"Holzbauschrauben Tellerkopf 8 mm Torx, verzinkt, ETA geprüft";"76000-80220";"76000-80220";"Befestigungsmittel";"Holzbauschrauben Tellerkopf";"100 Stk";"8";"220";"0";"0";"";"Holzbau-Shop";"";"128,01";"29,44";"77,0"
"Holzbauschrauben Tellerkopf 8 mm Torx, verzinkt, ETA geprüft";"76000-80240";"76000-80240";"Befestigungsmittel";"Holzbauschrauben Tellerkopf";"100 Stk";"8";"240";"0";"0";"";"Holzbau-Shop";"";"140,24";"32,26";"77,0"
"Holzbauschrauben Tellerkopf 8 mm Torx, verzinkt, ETA geprüft";"76000-80260";"76000-80260";"Befestigungsmittel";"Holzbauschrauben Tellerkopf";"100 Stk";"8";"260";"0";"0";"";"Holzbau-Shop";"";"158,05";"36,35";"77,0"
"Holzbauschrauben Tellerkopf 8 mm Torx, verzinkt, ETA geprüft";"76000-80280";"76000-80280";"Befestigungsmittel";"Holzbauschrauben Tellerkopf";"100 Stk";"8";"280";"0";"0";"";"Holzbau-Shop";"";"183,66";"42,24";"77,0"
"Holzbauschrauben Tellerkopf 8 mm Torx, verzinkt, ETA geprüft";"76000-80300";"76000-80300";"Befestigungsmittel";"Holzbauschrauben Tellerkopf";"100 Stk";"8";"300";"0";"0";"";"Holzbau-Shop";"";"185,89";"42,75";"77,0"
"Holzbauschrauben Tellerkopf 8 mm Torx, verzinkt, ETA geprüft";"76000-80320";"76000-80320";"Befestigungsmittel";"Holzbauschrauben Tellerkopf";"100 Stk";"8";"320";"0";"0";"";"Holzbau-Shop";"";"230,41";"52,99";"77,0"
"Holzbauschrauben Tellerkopf 8 mm Torx, verzinkt, ETA geprüft";"76000-80340";"76000-80340";"Befestigungsmittel";"Holzbauschrauben Tellerkopf";"100 Stk";"8";"340";"0";"0";"";"Holzbau-Shop";"";"260,44";"59,90";"77,0"
"Holzbauschrauben Tellerkopf 8 mm Torx, verzinkt, ETA geprüft";"76000-80360";"76000-80360";"Befestigungsmittel";"Holzbauschrauben Tellerkopf";"100 Stk";"8";"360";"0";"0";"";"Holzbau-Shop";"";"289,38";"66,56";"77,0"
"Holzbauschrauben Tellerkopf 8 mm Torx, verzinkt, ETA geprüft";"76000-80380";"76000-80380";"Befestigungsmittel";"Holzbauschrauben Tellerkopf";"100 Stk";"8";"380";"0";"0";"";"Holzbau-Shop";"";"319,45";"73,47";"77,0"
"Holzbauschrauben Tellerkopf 8 mm Torx, verzinkt, ETA geprüft";"76000-80400";"76000-80400";"Befestigungsmittel";"Holzbauschrauben Tellerkopf";"100 Stk";"8";"400";"0";"0";"";"Holzbau-Shop";"";"340,58";"78,33";"77,0"
"Holzbauschrauben Tellerkopf 8 mm Torx, verzinkt, ETA geprüft";"76000-8080";"76000-8080";"Befestigungsmittel";"Holzbauschrauben Tellerkopf";"100 Stk";"8";"80";"0";"0";"";"Holzbau-Shop";"";"34,52";"7,94";"77,0"
"Holzbauschrauben Tellerkopf 10mm Torx, verzinkt, ETA geprüft";"76100-100100";"76100-100100";"Befestigungsmittel";"Holzbauschrauben Tellerkopf";"100 Stk";"10";"100";"0";"0";"";"Holzbau-Shop";"";"63,46";"19,04";"70,0"
"Holzbauschrauben Tellerkopf 10mm Torx, verzinkt, ETA geprüft";"76100-100120";"76100-100120";"Befestigungsmittel";"Holzbauschrauben Tellerkopf";"100 Stk";"10";"120";"0";"0";"";"Holzbau-Shop";"";"70,14";"21,04";"70,0"
"Holzbauschrauben Tellerkopf 10mm Torx, verzinkt, ETA geprüft";"76100-100140";"76100-100140";"Befestigungsmittel";"Holzbauschrauben Tellerkopf";"100 Stk";"10";"140";"0";"0";"";"Holzbau-Shop";"";"95,72";"28,72";"70,0"
"Holzbauschrauben Tellerkopf 10mm Torx, verzinkt, ETA geprüft";"76100-100160";"76100-100160";"Befestigungsmittel";"Holzbauschrauben Tellerkopf";"100 Stk";"10";"160";"0";"0";"";"Holzbau-Shop";"";"113,53";"34,06";"70,0"
"Holzbauschrauben Tellerkopf 10mm Torx, verzinkt, ETA geprüft";"76100-100180";"76100-100180";"Befestigungsmittel";"Holzbauschrauben Tellerkopf";"100 Stk";"10";"180";"0";"0";"";"Holzbau-Shop";"";"140,24";"42,07";"70,0"
"Holzbauschrauben Tellerkopf 10mm Torx, verzinkt, ETA geprüft";"76100-100200";"76100-100200";"Befestigungsmittel";"Holzbauschrauben Tellerkopf";"100 Stk";"10";"200";"0";"0";"";"Holzbau-Shop";"";"150,24";"45,07";"70,0"
"Holzbauschrauben Tellerkopf 10mm Torx, verzinkt, ETA geprüft";"76100-100220";"76100-100220";"Befestigungsmittel";"Holzbauschrauben Tellerkopf";"100 Stk";"10";"220";"0";"0";"";"Holzbau-Shop";"";"186,98";"56,09";"70,0"
"Holzbauschrauben Tellerkopf 10mm Torx, verzinkt, ETA geprüft";"76100-100240";"76100-100240";"Befestigungsmittel";"Holzbauschrauben Tellerkopf";"100 Stk";"10";"240";"0";"0";"";"Holzbau-Shop";"";"200,34";"60,10";"70,0"
"Holzbauschrauben Tellerkopf 10mm Torx, verzinkt, ETA geprüft";"76100-100260";"76100-100260";"Befestigungsmittel";"Holzbauschrauben Tellerkopf";"100 Stk";"10";"260";"0";"0";"";"Holzbau-Shop";"";"229,28";"68,78";"70,0"
"Holzbauschrauben Tellerkopf 10mm Torx, verzinkt, ETA geprüft";"76100-100280";"76100-100280";"Befestigungsmittel";"Holzbauschrauben Tellerkopf";"100 Stk";"10";"280";"0";"0";"";"Holzbau-Shop";"";"254,89";"76,47";"70,0"
"Holzbauschrauben Tellerkopf 10mm Torx, verzinkt, ETA geprüft";"76100-100300";"76100-100300";"Befestigungsmittel";"Holzbauschrauben Tellerkopf";"100 Stk";"10";"300";"0";"0";"";"Holzbau-Shop";"";"267,12";"80,14";"70,0"
"Holzbauschrauben Tellerkopf 10mm Torx, verzinkt, ETA geprüft";"76100-100320";"76100-100320";"Befestigungsmittel";"Holzbauschrauben Tellerkopf";"100 Stk";"10";"320";"0";"0";"";"Holzbau-Shop";"";"308,28";"92,48";"70,0"
"Holzbauschrauben Tellerkopf 10mm Torx, verzinkt, ETA geprüft";"76100-100340";"76100-100340";"Befestigungsmittel";"Holzbauschrauben Tellerkopf";"100 Stk";"10";"340";"0";"0";"";"Holzbau-Shop";"";"349,48";"104,84";"70,0"
"Holzbauschrauben Tellerkopf 10mm Torx, verzinkt, ETA geprüft";"76100-100360";"76100-100360";"Befestigungsmittel";"Holzbauschrauben Tellerkopf";"100 Stk";"10";"360";"0";"0";"";"Holzbau-Shop";"";"389,55";"116,87";"70,0"
"Holzbauschrauben Tellerkopf 10mm Torx, verzinkt, ETA geprüft";"76100-100380";"76100-100380";"Befestigungsmittel";"Holzbauschrauben Tellerkopf";"100 Stk";"10";"380";"0";"0";"";"Holzbau-Shop";"";"416,26";"124,88";"70,0"
"Holzbauschrauben Tellerkopf 10mm Torx, verzinkt, ETA geprüft";"76100-100400";"76100-100400";"Befestigungsmittel";"Holzbauschrauben Tellerkopf";"100 Stk";"10";"400";"0";"0";"";"Holzbau-Shop";"";"442,97";"132,89";"70,0"
"Holzbauschrauben Tellerkopf 10mm Torx, verzinkt, ETA geprüft";"76100-10080";"76100-10080";"Befestigungsmittel";"Holzbauschrauben Tellerkopf";"100 Stk";"10";"80";"0";"0";"";"Holzbau-Shop";"";"52,33";"15,70";"70,0"
"Vollgewindeschraube Senkkopf 10mm TX50";"70041-100120";"70041-100120";"Befestigungsmittel";"Vollgewindeschrauben";"100 Stk";"10";"120";"0";"0";"";"Holzbau-Shop";"";"135,15";"40,55";"70,0"
"Vollgewindeschraube Senkkopf 10mm TX50";"70041-100160";"70041-100160";"Befestigungsmittel";"Vollgewindeschrauben";"100 Stk";"10";"160";"0";"0";"";"Holzbau-Shop";"";"198,75";"59,63";"70,0"
"Vollgewindeschraube Senkkopf 10mm TX50";"70041-100200";"70041-100200";"Befestigungsmittel";"Vollgewindeschrauben";"100 Stk";"10";"200";"0";"0";"";"Holzbau-Shop";"";"267,05";"80,12";"70,0"
"Vollgewindeschraube Senkkopf 10mm TX50";"70041-100250";"70041-100250";"Befestigungsmittel";"Vollgewindeschrauben";"100 Stk";"10";"250";"0";"0";"";"Holzbau-Shop";"";"397,50";"119,25";"70,0"
"Vollgewindeschraube Senkkopf 10mm TX50";"70041-100300";"70041-100300";"Befestigungsmittel";"Vollgewindeschrauben";"100 Stk";"10";"300";"0";"0";"";"Holzbau-Shop";"";"494,67";"148,40";"70,0"
"Vollgewindeschraube Senkkopf 10mm TX50";"70041-100400";"70041-100400";"Befestigungsmittel";"Vollgewindeschrauben";"100 Stk";"10";"400";"0";"0";"";"Holzbau-Shop";"";"768,50";"230,55";"70,0"
"Vollgewindeschraube Senkkopf 10mm TX50";"70041-100500";"70041-100500";"Befestigungsmittel";"Vollgewindeschrauben";"100 Stk";"10";"500";"0";"0";"";"Holzbau-Shop";"";"1183,67";"355,10";"70,0"
"Vollgewindeschraube Senkkopf 10mm TX50";"70041-100600";"70041-100600";"Befestigungsmittel";"Vollgewindeschrauben";"100 Stk";"10";"600";"0";"0";"";"Holzbau-Shop";"";"1678,33";"503,50";"70,0"
"Vollgewindeschrauben Zylinderkopf";"72000-80160";"72000-80160";"Befestigungsmittel";"Vollgewindeschrauben";"100 Stk";"8";"160";"0";"0";"";"Holzbau-Shop";"";"121,90";"36,57";"70,0"
"Vollgewindeschrauben Zylinderkopf";"72000-80200";"72000-80200";"Befestigungsmittel";"Vollgewindeschrauben";"100 Stk";"8";"200";"0";"0";"";"Holzbau-Shop";"";"132,50";"39,75";"70,0"
"Vollgewindeschrauben Zylinderkopf";"72000-80240";"72000-80240";"Befestigungsmittel";"Vollgewindeschrauben";"100 Stk";"8";"240";"0";"0";"";"Holzbau-Shop";"";"179,14";"53,74";"70,0"
"Vollgewindeschrauben Zylinderkopf";"72000-80280";"72000-80280";"Befestigungsmittel";"Vollgewindeschrauben";"100 Stk";"8";"280";"0";"0";"";"Holzbau-Shop";"";"238,50";"71,55";"70,0"
"Vollgewindeschrauben Zylinderkopf";"72000-80320";"72000-80320";"Befestigungsmittel";"Vollgewindeschrauben";"100 Stk";"8";"320";"0";"0";"";"Holzbau-Shop";"";"285,14";"85,54";"70,0"
"Vollgewindeschrauben Zylinderkopf";"72000-80360";"72000-80360";"Befestigungsmittel";"Vollgewindeschrauben";"100 Stk";"8";"360";"0";"0";"";"Holzbau-Shop";"";"348,74";"104,62";"70,0"
"Vollgewindeschrauben Zylinderkopf";"72000-80400";"72000-80400";"Befestigungsmittel";"Vollgewindeschrauben";"100 Stk";"8";"400";"0";"0";"";"Holzbau-Shop";"";"413,40";"124,02";"70,0"
"Vollgewindeschrauben Senkkopf";"73000-80160";"73000-80160";"Befestigungsmittel";"Vollgewindeschrauben";"100 Stk";"8";"160";"0";"0";"";"Holzbau-Shop";"";"133,56";"40,07";"70,0"
"Terrassenschrauben 4-5mm T-Kopf, Torx, Edelstahl gehärtet, CE";"70111-4040";"70111-4040";"Befestigungsmittel";"Terrassenschrauben";"100 Stk";"4";"40";"0";"0";"";"Holzbau-Shop";"";"10,00";"3,00";"70,0"
"Terrassenschrauben 4-5mm T-Kopf, Torx, Edelstahl gehärtet, CE";"70111-4050";"70111-4050";"Befestigungsmittel";"Terrassenschrauben";"100 Stk";"4";"50";"0";"0";"";"Holzbau-Shop";"";"12,79";"3,84";"70,0"
"Terrassenschrauben 4-5mm T-Kopf, Torx, Edelstahl gehärtet, CE";"70111-4060";"70111-4060";"Befestigungsmittel";"Terrassenschrauben";"100 Stk";"4";"60";"0";"0";"";"Holzbau-Shop";"";"14,49";"4,35";"70,0"
"Terrassenschrauben 4-5mm T-Kopf, Torx, Edelstahl gehärtet, CE";"70111-4070";"70111-4070";"Befestigungsmittel";"Terrassenschrauben";"100 Stk";"4";"70";"0";"0";"";"Holzbau-Shop";"";"18,94";"5,68";"70,0"
"Terrassenschrauben 4-5mm T-Kopf, Torx, Edelstahl gehärtet, CE";"70111-4550";"70111-4550";"Befestigungsmittel";"Terrassenschrauben";"100 Stk";"4,5";"50";"0";"0";"";"Holzbau-Shop";"";"15,58";"4,67";"70,0"
"Terrassenschrauben 4-5mm T-Kopf, Torx, Edelstahl gehärtet, CE";"70111-4560";"70111-4560";"Befestigungsmittel";"Terrassenschrauben";"100 Stk";"4,5";"60";"0";"0";"";"Holzbau-Shop";"";"17,81";"5,34";"70,0"
"Terrassenschrauben 4-5mm T-Kopf, Torx, Edelstahl gehärtet, CE";"70111-4570";"70111-4570";"Befestigungsmittel";"Terrassenschrauben";"100 Stk";"4,5";"70";"0";"0";"";"Holzbau-Shop";"";"20,03";"6,01";"70,0"
"Terrassenschrauben 4-5mm T-Kopf, Torx, Edelstahl gehärtet, CE";"70111-4580";"70111-4580";"Befestigungsmittel";"Terrassenschrauben";"100 Stk";"4,5";"80";"0";"0";"";"Holzbau-Shop";"";"22,26";"6,68";"70,0"
"Terrassenschrauben 4-5mm T-Kopf, Torx, Edelstahl gehärtet, CE";"70111-50100";"70111-50100";"Befestigungsmittel";"Terrassenschrauben";"100 Stk";"5";"100";"0";"0";"";"Holzbau-Shop";"";"37,84";"11,35";"70,0"
"Terrassenschrauben 4-5mm T-Kopf, Torx, Edelstahl gehärtet, CE";"70111-5050";"70111-5050";"Befestigungsmittel";"Terrassenschrauben";"100 Stk";"5";"50";"0";"0";"";"Holzbau-Shop";"";"20,03";"6,01";"70,0"
"Terrassenschrauben 4-5mm T-Kopf, Torx, Edelstahl gehärtet, CE";"70111-5060";"70111-5060";"Befestigungsmittel";"Terrassenschrauben";"100 Stk";"5";"60";"0";"0";"";"Holzbau-Shop";"";"22,26";"6,68";"70,0"
"Terrassenschrauben 4-5mm T-Kopf, Torx, Edelstahl gehärtet, CE";"70111-5070";"70111-5070";"Befestigungsmittel";"Terrassenschrauben";"100 Stk";"5";"70";"0";"0";"";"Holzbau-Shop";"";"24,49";"7,35";"70,0"
"Terrassenschrauben 4-5mm T-Kopf, Torx, Edelstahl gehärtet, CE";"70111-5080";"70111-5080";"Befestigungsmittel";"Terrassenschrauben";"100 Stk";"5";"80";"0";"0";"";"Holzbau-Shop";"";"27,84";"8,35";"70,0"
"Terrassenschrauben 4-5mm T-Kopf, Torx, Edelstahl gehärtet, CE";"70111-5090";"70111-5090";"Befestigungsmittel";"Terrassenschrauben";"100 Stk";"5";"90";"0";"0";"";"Holzbau-Shop";"";"33,39";"10,02";"70,0"
"Terrassenschrauben 4-5mm T-Kopf, Torx, Edelstahl gehärtet, CE";"70111-60100";"70111-60100";"Befestigungsmittel";"Terrassenschrauben";"100 Stk";"6";"100";"0";"0";"";"Holzbau-Shop";"";"62,54";"18,76";"70,0"
"Terrassenschrauben 4-5mm T-Kopf, Torx, Edelstahl gehärtet, CE";"70111-60120";"70111-60120";"Befestigungsmittel";"Terrassenschrauben";"100 Stk";"6";"120";"0";"0";"";"Holzbau-Shop";"";"73,14";"21,94";"70,0"
"Terrassenschrauben 4-5mm T-Kopf, Torx, Edelstahl gehärtet, CE";"70111-60140";"70111-60140";"Befestigungsmittel";"Terrassenschrauben";"100 Stk";"6";"140";"0";"0";"";"Holzbau-Shop";"";"83,74";"25,12";"70,0"
"Terrassenschrauben 4-5mm T-Kopf, Torx, Edelstahl gehärtet, CE";"70111-6060";"70111-6060";"Befestigungsmittel";"Terrassenschrauben";"100 Stk";"6";"60";"0";"0";"";"Holzbau-Shop";"";"37,10";"11,13";"70,0"
"Terrassenschrauben 4-5mm T-Kopf, Torx, Edelstahl gehärtet, CE";"70111-6080";"70111-6080";"Befestigungsmittel";"Terrassenschrauben";"100 Stk";"6";"80";"0";"0";"";"Holzbau-Shop";"";"47,70";"14,31";"70,0"
"Terra X - Distanzprofil 7 lfm, 15 x 7 mm";"50001";"50001";"Befestigungsmittel";"Sonstiges";"Stk";"";"";"0";"0";"";"Holzbau-Shop";"";"20,03";"8,01";"60,0"
"WIFIX Pfostenverbinder";"60950";"60950";"Befestigungsmittel";"Verbinder / Winkel";"Stk";"";"";"0";"0";"";"Holzbau-Shop";"";"101,76";"40,70";"60,0"
"Senkspanbohrschrauben Torx, Edelstahl A2";"70007-4540";"70007-4540";"Befestigungsmittel";"Sonstiges";"100 Stk";"4,5";"40";"0";"0";"";"Holzbau-Shop";"";"12,59";"5,04";"60,0"
"Senkspanbohrschrauben Torx, Edelstahl A2";"70007-4545";"70007-4545";"Befestigungsmittel";"Sonstiges";"100 Stk";"4,5";"45";"0";"0";"";"Holzbau-Shop";"";"13,83";"5,53";"60,0"
"Senkspanbohrschrauben Torx, Edelstahl A2";"70007-4550";"70007-4550";"Befestigungsmittel";"Sonstiges";"100 Stk";"4,5";"50";"0";"0";"";"Holzbau-Shop";"";"15,74";"6,30";"60,0"
"Senkspanbohrschrauben Torx, Edelstahl A2";"70007-4560";"70007-4560";"Befestigungsmittel";"Sonstiges";"100 Stk";"4,5";"60";"0";"0";"";"Holzbau-Shop";"";"17,62";"7,05";"60,0"
"Senkspanbohrschrauben Torx, Edelstahl A2";"70007-4570";"70007-4570";"Befestigungsmittel";"Sonstiges";"100 Stk";"4,5";"70";"0";"0";"";"Holzbau-Shop";"";"20,14";"8,06";"60,0"
"Senkspanbohrschrauben Torx, Edelstahl A2";"70007-5050";"70007-5050";"Befestigungsmittel";"Sonstiges";"100 Stk";"5";"50";"0";"0";"";"Holzbau-Shop";"";"18,89";"7,56";"60,0"
"Senkspanbohrschrauben Torx, Edelstahl A2";"70007-5060";"70007-5060";"Befestigungsmittel";"Sonstiges";"100 Stk";"5";"60";"0";"0";"";"Holzbau-Shop";"";"20,78";"8,31";"60,0"
"Senkspanbohrschrauben Torx, Edelstahl A2";"70007-5070";"70007-5070";"Befestigungsmittel";"Sonstiges";"100 Stk";"5";"70";"0";"0";"";"Holzbau-Shop";"";"23,29";"9,32";"60,0"
"Senkspanbohrschrauben Torx, Edelstahl A2";"70007-5080";"70007-5080";"Befestigungsmittel";"Sonstiges";"100 Stk";"5";"80";"0";"0";"";"Holzbau-Shop";"";"28,33";"11,33";"60,0"
"Senkspanbohrschrauben Torx, Edelstahl A2";"70007-60100";"70007-60100";"Befestigungsmittel";"Sonstiges";"100 Stk";"6";"100";"0";"0";"";"Holzbau-Shop";"";"61,48";"24,59";"60,0"
"Senkspanbohrschrauben Torx, Edelstahl A2";"70007-60120";"70007-60120";"Befestigungsmittel";"Sonstiges";"100 Stk";"6";"120";"0";"0";"";"Holzbau-Shop";"";"73,14";"29,26";"60,0"
"Senkspanbohrschrauben Torx, Edelstahl A2";"70007-60140";"70007-60140";"Befestigungsmittel";"Sonstiges";"100 Stk";"6";"140";"0";"0";"";"Holzbau-Shop";"";"121,90";"48,76";"60,0"
"Senkspanbohrschrauben Torx, Edelstahl A2";"70007-60160";"70007-60160";"Befestigungsmittel";"Sonstiges";"100 Stk";"6";"160";"0";"0";"";"Holzbau-Shop";"";"147,34";"58,94";"60,0"
"Senkspanbohrschrauben Torx, Edelstahl A2";"70007-60180";"70007-60180";"Befestigungsmittel";"Sonstiges";"100 Stk";"6";"180";"0";"0";"";"Holzbau-Shop";"";"190,80";"76,32";"60,0"
"Dielenschraube Wimmer Edelstahl A2 TX";"70070-3240";"70070-3240";"Befestigungsmittel";"Sonstiges";"100 Stk";"3,2";"40";"0";"0";"";"Holzbau-Shop";"";"14,73";"5,89";"60,0"
"Dielenschraube Wimmer Edelstahl A2 TX";"70070-3250";"70070-3250";"Befestigungsmittel";"Sonstiges";"100 Stk";"3,2";"50";"0";"0";"";"Holzbau-Shop";"";"17,01";"6,80";"60,0"
"Dielenschraube Wimmer Edelstahl A2 TX";"70070-5050";"70070-5050";"Befestigungsmittel";"Sonstiges";"100 Stk";"5";"50";"0";"0";"";"Holzbau-Shop";"";"10,49";"4,20";"60,0"
"Flügelbohrschrauben Bi-Metall Edelstahl A2";"70095-A2-4845";"70095-A2-4845";"Befestigungsmittel";"Sonstiges";"100 Stk";"4,8";"45";"0";"0";"";"Holzbau-Shop";"";"73,72";"29,49";"60,0"
"Flügelbohrschrauben Bi-Metall Edelstahl A2";"70095-A2-4850";"70095-A2-4850";"Befestigungsmittel";"Sonstiges";"100 Stk";"4,8";"50";"0";"0";"";"Holzbau-Shop";"";"79,39";"31,76";"60,0"
"Flügelbohrschrauben Bi-Metall Edelstahl A2";"70095-A2-5565";"70095-A2-5565";"Befestigungsmittel";"Sonstiges";"100 Stk";"5,5";"65";"0";"0";"";"Holzbau-Shop";"";"102,08";"40,83";"60,0"
"Tellerkopf-Holzbauschrauben Edelstahl mit Schneidkerbe";"74000-A2-80100";"74000-A2-80100";"Befestigungsmittel";"Holzbauschrauben Tellerkopf";"100 Stk";"8";"100";"0";"0";"";"Holzbau-Shop";"";"79,50";"31,80";"60,0"
"Tellerkopf-Holzbauschrauben Edelstahl mit Schneidkerbe";"74000-A2-80120";"74000-A2-80120";"Befestigungsmittel";"Holzbauschrauben Tellerkopf";"100 Stk";"8";"120";"0";"0";"";"Holzbau-Shop";"";"90,10";"36,04";"60,0"
"Tellerkopf-Holzbauschrauben Edelstahl mit Schneidkerbe";"74000-A2-8050";"74000-A2-8050";"Befestigungsmittel";"Holzbauschrauben Tellerkopf";"100 Stk";"8";"50";"0";"0";"";"Holzbau-Shop";"";"53,00";"21,20";"60,0"
"Tellerkopfschraube für Dämmplatten Edelstahl A2 TX";"75000-A2-6040";"75000-A2-6040";"Befestigungsmittel";"Holzbauschrauben Tellerkopf";"100 Stk";"6";"40";"0";"0";"";"Holzbau-Shop";"";"42,40";"16,96";"60,0"
"Tellerkopfschraube für Dämmplatten Edelstahl A2 TX";"75000-A2-6060";"75000-A2-6060";"Befestigungsmittel";"Holzbauschrauben Tellerkopf";"100 Stk";"6";"60";"0";"0";"";"Holzbau-Shop";"";"47,70";"19,08";"60,0"
"Tellerkopfschraube für Dämmplatten Edelstahl A2 TX";"75000-A2-6080";"75000-A2-6080";"Befestigungsmittel";"Holzbauschrauben Tellerkopf";"100 Stk";"6";"80";"0";"0";"";"Holzbau-Shop";"";"68,90";"27,56";"60,0"
"Justierschraube - Distanzschraube";"70066-60100";"70066-60100";"Befestigungsmittel";"Sonstiges";"100 Stk";"6";"100";"0";"0";"";"Holzbau-Shop";"";"14,42";"5,77";"60,0"
"Justierschraube - Distanzschraube";"70066-60120";"70066-60120";"Befestigungsmittel";"Sonstiges";"100 Stk";"6";"120";"0";"0";"";"Holzbau-Shop";"";"18,66";"7,46";"60,0"
"Justierschraube - Distanzschraube";"70066-60145";"70066-60145";"Befestigungsmittel";"Sonstiges";"100 Stk";"6";"145";"0";"0";"";"Holzbau-Shop";"";"24,59";"9,84";"60,0"
"Justierschraube - Distanzschraube";"70066-6080";"70066-6080";"Befestigungsmittel";"Sonstiges";"100 Stk";"6";"80";"0";"0";"";"Holzbau-Shop";"";"12,72";"5,09";"60,0"
"Bauschrauben mit Mutter DIN 601 8.8 galvanisch verzinkt6130645";"70060-160200";"70060-160200";"Befestigungsmittel";"Sonstiges";"100 Stk";"16";"200";"0";"0";"";"Holzbau-Shop";"";"658,00";"263,20";"60,0"
"Bauschrauben mit Mutter DIN 601 8.8 galvanisch verzinkt6130645";"70060-160220";"70060-160220";"Befestigungsmittel";"Sonstiges";"100 Stk";"16";"220";"0";"0";"";"Holzbau-Shop";"";"705,70";"282,28";"60,0"
"Bauschrauben mit Mutter DIN 601 8.8 galvanisch verzinkt6130645";"70060-160240";"70060-160240";"Befestigungsmittel";"Sonstiges";"100 Stk";"16";"240";"0";"0";"";"Holzbau-Shop";"";"743,85";"297,54";"60,0"
"Bauschrauben mit Mutter DIN 601 8.8 galvanisch verzinkt6130645";"70060-160260";"70060-160260";"Befestigungsmittel";"Sonstiges";"100 Stk";"16";"260";"0";"0";"";"Holzbau-Shop";"";"801,06";"320,42";"60,0"
"Bauschrauben mit Mutter DIN 601 8.8 galvanisch verzinkt6130645";"70060-160300";"70060-160300";"Befestigungsmittel";"Sonstiges";"100 Stk";"16";"300";"0";"0";"";"Holzbau-Shop";"";"1106,21";"442,48";"60,0"
"Bauschrauben mit Mutter DIN 601 8.8 galvanisch verzinkt6130645";"70060-160340";"70060-160340";"Befestigungsmittel";"Sonstiges";"100 Stk";"16";"340";"0";"0";"";"Holzbau-Shop";"";"1239,73";"495,89";"60,0"
"Zuganker 60x62x540 3mm";"WVZ-6062";"WVZ-6062";"Befestigungsmittel";"Anker / Betonschrauben";"Stk";"62";"540";"0";"0";"";"Holzbau-Shop";"";"46,32";"18,53";"60,0"
"Unterlegscheibe zu Zuganker 340/440/540 60x52 10 mm";"WVZU-6052";"WVZU-6052";"Befestigungsmittel";"Anker / Betonschrauben";"Stk";"60";"52";"0";"0";"";"Holzbau-Shop";"";"9,01";"3,60";"60,0"
"Gewindestangen DIN 975 / 4.6 Galvanisch Verzinkt M10 - M16 x 1000mm";"70019-10";"70019-10";"Befestigungsmittel";"Sonstiges";"Stk";"";"";"0";"0";"";"Holzbau-Shop";"";"2,65";"1,06";"60,0"
"Gewindestangen DIN 975 / 4.6 Galvanisch Verzinkt M10 - M16 x 1000mm";"70019-12";"70019-12";"Befestigungsmittel";"Sonstiges";"Stk";"";"";"0";"0";"";"Holzbau-Shop";"";"3,29";"1,32";"60,0"
"Gewindestangen DIN 975 / 4.6 Galvanisch Verzinkt M10 - M16 x 1000mm";"70019-16";"70019-16";"Befestigungsmittel";"Sonstiges";"Stk";"";"";"0";"0";"";"Holzbau-Shop";"";"4,98";"1,99";"60,0"
"Gewindestangen DIN 975 / 4.6 Zink Nickel beschichtet 1000mm";"70019-ZNNI-24";"70019-ZNNI-24";"Befestigungsmittel";"Sonstiges";"Stk";"";"";"0";"0";"";"Holzbau-Shop";"";"30,21";"12,08";"60,0"
"Gewindestangen DIN 975 / 4.6 Galvanisch Verzinkt 2000mm";"70076-16";"70076-16";"Befestigungsmittel";"Sonstiges";"Stk";"";"";"0";"0";"";"Holzbau-Shop";"";"9,96";"3,98";"60,0"
"Gewindestangen DIN 975 / 4.6 Galvanisch Verzinkt 2000mm";"70076-20";"70076-20";"Befestigungsmittel";"Sonstiges";"Stk";"";"";"0";"0";"";"Holzbau-Shop";"";"20,14";"8,06";"60,0"
"Gewindestangen DIN 975 / 4.6 Zink Nickel beschichtet 2000mm";"70076-ZNNI-24";"70076-ZNNI-24";"Befestigungsmittel";"Sonstiges";"Stk";"";"";"0";"0";"";"Holzbau-Shop";"";"60,42";"24,17";"60,0"
"Gewindestangen DIN 975 / 4.6 Zink Nickel beschichtet 2000mm";"70076-ZNNI-30";"70076-ZNNI-30";"Befestigungsmittel";"Sonstiges";"Stk";"";"";"0";"0";"";"Holzbau-Shop";"";"73,14";"29,26";"60,0"
"Sechskantmuttern DIN 934 verzinkt";"70020-10";"70020-10";"Befestigungsmittel";"Sonstiges";"100 Stk";"";"";"0";"0";"";"Holzbau-Shop";"";"12,72";"5,09";"60,0"
"Sechskantmuttern DIN 934 verzinkt";"70020-12";"70020-12";"Befestigungsmittel";"Sonstiges";"100 Stk";"";"";"0";"0";"";"Holzbau-Shop";"";"15,90";"6,36";"60,0"
"Sechskantmuttern DIN 934 verzinkt";"70020-16";"70020-16";"Befestigungsmittel";"Sonstiges";"100 Stk";"";"";"0";"0";"";"Holzbau-Shop";"";"24,38";"9,75";"60,0"
"Sechskantmuttern DIN 934 verzinkt";"70020-20";"70020-20";"Befestigungsmittel";"Sonstiges";"100 Stk";"";"";"0";"0";"";"Holzbau-Shop";"";"51,94";"20,78";"60,0"
"Sechskantmuttern DIN 934 verzinkt";"70020-24";"70020-24";"Befestigungsmittel";"Sonstiges";"100 Stk";"";"";"0";"0";"";"Holzbau-Shop";"";"80,56";"32,22";"60,0"
"Sechskantmuttern DIN 934 Zink - Nickel M24";"70020-ZNNI-24";"70020-ZNNI-24";"Befestigungsmittel";"Sonstiges";"100 Stk";"";"";"0";"0";"";"Holzbau-Shop";"";"82,68";"33,07";"60,0"
"Hutmuttern DIN 1587 verzinkt";"70021-10";"70021-10";"Befestigungsmittel";"Sonstiges";"100 Stk";"";"";"0";"0";"";"Holzbau-Shop";"";"12,72";"5,09";"60,0"
"Hutmuttern DIN 1587 verzinkt";"70021-12";"70021-12";"Befestigungsmittel";"Sonstiges";"100 Stk";"";"";"0";"0";"";"Holzbau-Shop";"";"22,26";"8,90";"60,0"
"Hutmuttern DIN 1587 verzinkt";"70021-16";"70021-16";"Befestigungsmittel";"Sonstiges";"100 Stk";"";"";"0";"0";"";"Holzbau-Shop";"";"50,88";"20,35";"60,0"
"Hutmuttern DIN 1587 verzinkt";"70021-20";"70021-20";"Befestigungsmittel";"Sonstiges";"100 Stk";"";"";"0";"0";"";"Holzbau-Shop";"";"78,65";"31,46";"60,0"
"Hutmuttern DIN 1587 verzinkt";"70021-24";"70021-24";"Befestigungsmittel";"Sonstiges";"100 Stk";"";"";"0";"0";"";"Holzbau-Shop";"";"116,60";"46,64";"60,0"
"Distanzmuffen DIN 6334 verzinkt";"70022-12";"70022-12";"Befestigungsmittel";"Sonstiges";"100 Stk";"";"";"0";"0";"";"Holzbau-Shop";"";"74,20";"29,68";"60,0"
"Distanzmuffen DIN 6334 verzinkt";"70022-16";"70022-16";"Befestigungsmittel";"Sonstiges";"100 Stk";"";"";"0";"0";"";"Holzbau-Shop";"";"116,60";"46,64";"60,0"
"Distanzmuffen DIN 6334 verzinkt";"70022-20";"70022-20";"Befestigungsmittel";"Sonstiges";"100 Stk";"";"";"0";"0";"";"Holzbau-Shop";"";"265,00";"106,00";"60,0"
"Distanzmuffen DIN 6334 verzinkt";"70022-24";"70022-24";"Befestigungsmittel";"Sonstiges";"100 Stk";"";"";"0";"0";"";"Holzbau-Shop";"";"360,40";"144,16";"60,0"
"Beilagscheiben DIN 440R";"70031-10";"70031-10";"Befestigungsmittel";"Sonstiges";"100 Stk";"";"";"0";"0";"";"Holzbau-Shop";"";"33,07";"13,23";"60,0"
"Beilagscheiben DIN 440R";"70031-12";"70031-12";"Befestigungsmittel";"Sonstiges";"100 Stk";"";"";"0";"0";"";"Holzbau-Shop";"";"38,58";"15,43";"60,0"
"Beilagscheiben DIN 440R";"70031-16";"70031-16";"Befestigungsmittel";"Sonstiges";"100 Stk";"";"";"0";"0";"";"Holzbau-Shop";"";"60,00";"24,00";"60,0"
"Beilagscheiben DIN 440R";"70031-20";"70031-20";"Befestigungsmittel";"Sonstiges";"100 Stk";"";"";"0";"0";"";"Holzbau-Shop";"";"151,58";"60,63";"60,0"
"Beilagscheiben DIN 440R Zink - Nickel";"70031-ZNNI-24";"70031-ZNNI-24";"Befestigungsmittel";"Sonstiges";"100 Stk";"";"";"0";"0";"";"Holzbau-Shop";"";"248,04";"99,22";"60,0"
"WI300 Injektionsmörtel";"70162";"70162";"Befestigungsmittel";"Sonstiges";"Stk";"";"";"0";"0";"";"Holzbau-Shop";"";"21,15";"8,46";"60,0"
"WICOOL Tieftemperatur Injektionsmörtel";"70172";"70172";"Befestigungsmittel";"Sonstiges";"Stk";"";"";"0";"0";"";"Holzbau-Shop";"";"24,49";"9,79";"60,0"
"WITOP Injektionsmörtel";"70173";"70173";"Befestigungsmittel";"Sonstiges";"Stk";"";"";"0";"0";"";"Holzbau-Shop";"";"16,70";"6,68";"60,0"
"Ausblaspistole aus PVC";"50065";"50065";"Befestigungsmittel";"Sonstiges";"Stk";"";"";"0";"0";"";"Holzbau-Shop";"";"39,69";"25,80";"35,0"
"Siebhülsen";"70150-1601000";"70150-1601000";"Befestigungsmittel";"Sonstiges";"Stk";"";"";"0";"0";"";"Holzbau-Shop";"";"9,54";"3,82";"60,0"
"Siebhülsen";"70150-2201000";"70150-2201000";"Befestigungsmittel";"Sonstiges";"Stk";"";"";"0";"0";"";"Holzbau-Shop";"";"11,66";"4,66";"60,0"
"Mischdüsenverlängerung 1000 mm zu Injektionsmörtel";"70165";"70165";"Befestigungsmittel";"Sonstiges";"Stk";"";"";"0";"0";"";"Holzbau-Shop";"";"3,72";"2,42";"35,0"
"Schraubanker - Betonschraube WICOAT Sechskantkopf mit Scheibe";"70090-10590";"70090-10590";"Befestigungsmittel";"Anker / Betonschrauben";"100 Stk";"10,5";"90";"0";"0";"";"Holzbau-Shop";"";"126,50";"50,60";"60,0"
"Schraubanker - Betonschraube WICOAT Sechskantkopf mit Scheibe";"70090-125100";"70090-125100";"Befestigungsmittel";"Anker / Betonschrauben";"100 Stk";"12,5";"100";"0";"0";"";"Holzbau-Shop";"";"230,00";"92,00";"60,0"
"Schraubanker - Betonschraube WICOAT Senkkopf";"70091-75132";"70091-75132";"Befestigungsmittel";"Holzbauschrauben Senkkopf";"100 Stk";"7,5";"132";"0";"0";"";"Holzbau-Shop";"";"115,00";"46,00";"60,0"
"Schraubanker - Betonschraube WICOAT Senkkopf";"70091-75152";"70091-75152";"Befestigungsmittel";"Holzbauschrauben Senkkopf";"100 Stk";"7,5";"152";"0";"0";"";"Holzbau-Shop";"";"138,00";"55,20";"60,0"
"Schraubanker - Betonschraube WICOAT Senkkopf";"70091-7592";"70091-7592";"Befestigungsmittel";"Holzbauschrauben Senkkopf";"100 Stk";"7,5";"92";"0";"0";"";"Holzbau-Shop";"";"80,50";"32,20";"60,0"
"Ankerbolzen / Blitzanker M2 kleine Scheibe verzinkt";"70089-100125";"70089-100125";"Befestigungsmittel";"Anker / Betonschrauben";"100 Stk";"10";"125";"0";"0";"";"Holzbau-Shop";"";"116,60";"46,64";"60,0"
"Ankerbolzen / Blitzanker M2 kleine Scheibe verzinkt";"70089-100160";"70089-100160";"Befestigungsmittel";"Anker / Betonschrauben";"100 Stk";"10";"160";"0";"0";"";"Holzbau-Shop";"";"134,40";"53,76";"60,0"
"Ankerbolzen / Blitzanker M2 kleine Scheibe verzinkt";"70089-100180";"70089-100180";"Befestigungsmittel";"Anker / Betonschrauben";"100 Stk";"10";"180";"0";"0";"";"Holzbau-Shop";"";"148,40";"59,36";"60,0"
"Ankerbolzen / Blitzanker M2 kleine Scheibe verzinkt";"70089-10070";"70089-10070";"Befestigungsmittel";"Anker / Betonschrauben";"100 Stk";"10";"70";"0";"0";"";"Holzbau-Shop";"";"86,25";"34,50";"60,0"
"Ankerbolzen / Blitzanker M2 kleine Scheibe verzinkt";"70089-10095";"70089-10095";"Befestigungsmittel";"Anker / Betonschrauben";"100 Stk";"10";"95";"0";"0";"";"Holzbau-Shop";"";"94,80";"37,92";"60,0"
"Ankerbolzen / Blitzanker M2 kleine Scheibe verzinkt";"70089-120110";"70089-120110";"Befestigungsmittel";"Anker / Betonschrauben";"100 Stk";"12";"110";"0";"0";"";"Holzbau-Shop";"";"148,40";"59,36";"60,0"
"Ankerbolzen / Blitzanker M2 kleine Scheibe verzinkt";"70089-120120";"70089-120120";"Befestigungsmittel";"Anker / Betonschrauben";"100 Stk";"12";"120";"0";"0";"";"Holzbau-Shop";"";"169,60";"67,84";"60,0"
"Ankerbolzen / Blitzanker M2 kleine Scheibe verzinkt";"70089-120125";"70089-120125";"Befestigungsmittel";"Anker / Betonschrauben";"100 Stk";"12";"125";"0";"0";"";"Holzbau-Shop";"";"169,60";"67,84";"60,0"
"Ankerbolzen / Blitzanker M2 kleine Scheibe verzinkt";"70089-120140";"70089-120140";"Befestigungsmittel";"Anker / Betonschrauben";"100 Stk";"12";"140";"0";"0";"";"Holzbau-Shop";"";"190,80";"76,32";"60,0"
"Ankerbolzen / Blitzanker M2 kleine Scheibe verzinkt";"70089-120165";"70089-120165";"Befestigungsmittel";"Anker / Betonschrauben";"100 Stk";"12";"165";"0";"0";"";"Holzbau-Shop";"";"180,20";"72,08";"60,0"
"Ankerbolzen / Blitzanker M2 kleine Scheibe verzinkt";"70089-120185";"70089-120185";"Befestigungsmittel";"Anker / Betonschrauben";"100 Stk";"12";"185";"0";"0";"";"Holzbau-Shop";"";"201,60";"80,64";"60,0"
"Ankerbolzen / Blitzanker M2 kleine Scheibe verzinkt";"70089-120220";"70089-120220";"Befestigungsmittel";"Anker / Betonschrauben";"100 Stk";"12";"220";"0";"0";"";"Holzbau-Shop";"";"318,00";"127,20";"60,0"
"Ankerbolzen / Blitzanker M2 kleine Scheibe verzinkt";"70089-160130";"70089-160130";"Befestigungsmittel";"Anker / Betonschrauben";"100 Stk";"16";"130";"0";"0";"";"Holzbau-Shop";"";"300,00";"120,00";"60,0"
"Ankerbolzen Mungo M2-C grosse Scheibe";"70088-160220";"70088-160220";"Befestigungsmittel";"Anker / Betonschrauben";"100 Stk";"16";"220";"0";"0";"";"Holzbau-Shop";"";"508,80";"203,52";"60,0"
"Ankerbolzen Mungo M2-C grosse Scheibe";"70088-160240";"70088-160240";"Befestigungsmittel";"Anker / Betonschrauben";"100 Stk";"16";"240";"0";"0";"";"Holzbau-Shop";"";"551,20";"220,48";"60,0"
"Ankerbolzen Mungo M2-C grosse Scheibe";"70088-160260";"70088-160260";"Befestigungsmittel";"Anker / Betonschrauben";"100 Stk";"16";"260";"0";"0";"";"Holzbau-Shop";"";"604,20";"241,68";"60,0"
"Ankerbolzen Mungo M2-C grosse Scheibe";"70088-160280";"70088-160280";"Befestigungsmittel";"Anker / Betonschrauben";"100 Stk";"16";"280";"0";"0";"";"Holzbau-Shop";"";"646,60";"258,64";"60,0"
"Ankerbolzen Mungo M2-C grosse Scheibe";"70088-160330";"70088-160330";"Befestigungsmittel";"Anker / Betonschrauben";"100 Stk";"16";"330";"0";"0";"";"Holzbau-Shop";"";"710,20";"284,08";"60,0"
"Ankerbolzen Mungo M2-C grosse Scheibe";"70088-160440";"70088-160440";"Befestigungsmittel";"Anker / Betonschrauben";"100 Stk";"16";"440";"0";"0";"";"Holzbau-Shop";"";"848,00";"339,20";"60,0"
"Multidübel MU";"70049-10";"70049-10";"Befestigungsmittel";"Sonstiges";"100 Stk";"";"";"0";"0";"";"Holzbau-Shop";"";"20,14";"8,06";"60,0"
"Multidübel MU";"70049-12";"70049-12";"Befestigungsmittel";"Sonstiges";"100 Stk";"";"";"0";"0";"";"Holzbau-Shop";"";"31,80";"12,72";"60,0"
"Multidübel MU";"70049-14";"70049-14";"Befestigungsmittel";"Sonstiges";"100 Stk";"";"";"0";"0";"";"Holzbau-Shop";"";"44,52";"17,81";"60,0"
"Multidübel MU";"70049-16";"70049-16";"Befestigungsmittel";"Sonstiges";"100 Stk";"";"";"0";"0";"";"Holzbau-Shop";"";"63,60";"25,44";"60,0"
"Multidübel MU";"70049-6";"70049-6";"Befestigungsmittel";"Sonstiges";"100 Stk";"";"";"0";"0";"";"Holzbau-Shop";"";"9,54";"3,82";"60,0"
"Multidübel MU";"70049-8";"70049-8";"Befestigungsmittel";"Sonstiges";"100 Stk";"";"";"0";"0";"";"Holzbau-Shop";"";"11,66";"4,66";"60,0"
"Universal-Rahmen/Fassadendübel MUNGO MQL-ST TORX";"70114-100100";"70114-100100";"Befestigungsmittel";"Sonstiges";"100 Stk";"";"";"0";"0";"";"Holzbau-Shop";"";"89,60";"35,84";"60,0"
"Universal-Rahmen/Fassadendübel MUNGO MQL-ST TORX";"70114-100120";"70114-100120";"Befestigungsmittel";"Sonstiges";"100 Stk";"";"";"0";"0";"";"Holzbau-Shop";"";"96,32";"38,53";"60,0"
"Universal-Rahmen/Fassadendübel MUNGO MQL-ST TORX";"70114-100140";"70114-100140";"Befestigungsmittel";"Sonstiges";"100 Stk";"";"";"0";"0";"";"Holzbau-Shop";"";"106,40";"42,56";"60,0"
"Universal-Rahmen/Fassadendübel MUNGO MQL-ST TORX";"70114-100160";"70114-100160";"Befestigungsmittel";"Sonstiges";"100 Stk";"";"";"0";"0";"";"Holzbau-Shop";"";"151,20";"60,48";"60,0"
"Universal-Rahmen/Fassadendübel MUNGO MQL-ST TORX";"70114-100180";"70114-100180";"Befestigungsmittel";"Sonstiges";"100 Stk";"";"";"0";"0";"";"Holzbau-Shop";"";"207,20";"82,88";"60,0"
"Universal-Rahmen/Fassadendübel MUNGO MQL-ST TORX";"70114-100200";"70114-100200";"Befestigungsmittel";"Sonstiges";"100 Stk";"";"";"0";"0";"";"Holzbau-Shop";"";"229,60";"91,84";"60,0"
"Universal-Rahmen/Fassadendübel MUNGO MQL-ST TORX";"70114-100240";"70114-100240";"Befestigungsmittel";"Sonstiges";"100 Stk";"";"";"0";"0";"";"Holzbau-Shop";"";"302,40";"120,96";"60,0"
"Universal-Rahmen/Fassadendübel MUNGO MQL-ST TORX";"70114-100280";"70114-100280";"Befestigungsmittel";"Sonstiges";"100 Stk";"";"";"0";"0";"";"Holzbau-Shop";"";"324,80";"129,92";"60,0"
"Universal-Rahmen/Fassadendübel MUNGO MQL-ST TORX";"70114-100300";"70114-100300";"Befestigungsmittel";"Sonstiges";"100 Stk";"";"";"0";"0";"";"Holzbau-Shop";"";"414,40";"165,76";"60,0"
"Universal-Rahmen/Fassadendübel MUNGO MQL-ST TORX";"70114-10080";"70114-10080";"Befestigungsmittel";"Sonstiges";"100 Stk";"";"";"0";"0";"";"Holzbau-Shop";"";"84,00";"33,60";"60,0"
"Nageldübel vormontiert";"70006-6040";"70006-6040";"Befestigungsmittel";"Nägel / Klammern";"100 Stk";"6";"40";"0";"0";"";"Holzbau-Shop";"";"14,56";"5,82";"60,0"
"Nageldübel vormontiert";"70006-6050";"70006-6050";"Befestigungsmittel";"Nägel / Klammern";"100 Stk";"6";"50";"0";"0";"";"Holzbau-Shop";"";"16,80";"6,72";"60,0"
"Nageldübel vormontiert";"70006-6060";"70006-6060";"Befestigungsmittel";"Nägel / Klammern";"100 Stk";"6";"60";"0";"0";"";"Holzbau-Shop";"";"22,40";"8,96";"60,0"
"Nageldübel vormontiert";"70006-6080";"70006-6080";"Befestigungsmittel";"Nägel / Klammern";"100 Stk";"6";"80";"0";"0";"";"Holzbau-Shop";"";"30,24";"12,10";"60,0"
"Nageldübel vormontiert";"70006-80100";"70006-80100";"Befestigungsmittel";"Nägel / Klammern";"100 Stk";"8";"100";"0";"0";"";"Holzbau-Shop";"";"36,96";"14,78";"60,0"
"Nageldübel vormontiert";"70006-80120";"70006-80120";"Befestigungsmittel";"Nägel / Klammern";"100 Stk";"8";"120";"0";"0";"";"Holzbau-Shop";"";"51,52";"20,61";"60,0"
"Nageldübel vormontiert";"70006-8080";"70006-8080";"Befestigungsmittel";"Nägel / Klammern";"100 Stk";"8";"80";"0";"0";"";"Holzbau-Shop";"";"30,24";"12,10";"60,0"
"Kunststoffrondelle";"70062-4551";"70062-4551";"Befestigungsmittel";"Sonstiges";"100 Stk";"";"";"0";"0";"";"Holzbau-Shop";"";"29,12";"11,65";"60,0"
"Kunststoffrondelle";"70062-60105";"70062-60105";"Befestigungsmittel";"Sonstiges";"100 Stk";"";"";"0";"0";"";"Holzbau-Shop";"";"31,36";"12,54";"60,0"
"Kunststoffrondelle";"70062-6085";"70062-6085";"Befestigungsmittel";"Sonstiges";"100 Stk";"";"";"0";"0";"";"Holzbau-Shop";"";"31,36";"12,54";"60,0"
"Fensterbauschraube MRS-U Senkkopf Verzinkt";"70083-75112";"70083-75112";"Befestigungsmittel";"Holzbauschrauben Senkkopf";"100 Stk";"7,5";"112";"0";"0";"";"Holzbau-Shop";"";"56,00";"22,40";"60,0"
"Fensterbauschraube MRS-U Senkkopf Verzinkt";"70083-75132";"70083-75132";"Befestigungsmittel";"Holzbauschrauben Senkkopf";"100 Stk";"7,5";"132";"0";"0";"";"Holzbau-Shop";"";"61,60";"24,64";"60,0"
"Fensterbauschraube MRS-U Senkkopf Verzinkt";"70083-75152";"70083-75152";"Befestigungsmittel";"Holzbauschrauben Senkkopf";"100 Stk";"7,5";"152";"0";"0";"";"Holzbau-Shop";"";"72,80";"29,12";"60,0"
"Fensterbauschraube MRS-U Senkkopf Verzinkt";"70083-75182";"70083-75182";"Befestigungsmittel";"Holzbauschrauben Senkkopf";"100 Stk";"7,5";"182";"0";"0";"";"Holzbau-Shop";"";"89,60";"35,84";"60,0"
"Fensterbauschraube MRS-U Senkkopf Verzinkt";"70083-75212";"70083-75212";"Befestigungsmittel";"Holzbauschrauben Senkkopf";"100 Stk";"7,5";"212";"0";"0";"";"Holzbau-Shop";"";"112,50";"45,00";"60,0"
"Fensterbauschraube MRS-U Senkkopf Verzinkt";"70083-7592";"70083-7592";"Befestigungsmittel";"Holzbauschrauben Senkkopf";"100 Stk";"7,5";"92";"0";"0";"";"Holzbau-Shop";"";"44,80";"17,92";"60,0"
"Schnellbauschrauben, lose, Feingewinde PH2";"70044-PHF-3525";"70044-PHF-3525";"Befestigungsmittel";"Sonstiges";"100 Stk";"3,5";"25";"0";"0";"";"Holzbau-Shop";"";"1,17";"0,47";"60,0"
"Schnellbauschrauben, lose, Feingewinde PH2";"70044-PHF-3535";"70044-PHF-3535";"Befestigungsmittel";"Sonstiges";"100 Stk";"3,5";"35";"0";"0";"";"Holzbau-Shop";"";"1,59";"0,64";"60,0"
"Schnellbauschrauben, lose, Feingewinde PH2";"70044-PHF-3545";"70044-PHF-3545";"Befestigungsmittel";"Sonstiges";"100 Stk";"3,5";"45";"0";"0";"";"Holzbau-Shop";"";"2,23";"0,89";"60,0"
"Schnellbauschrauben, lose, Grobgewinde PH2";"70044-PHG-3935";"70044-PHG-3935";"Befestigungsmittel";"Sonstiges";"100 Stk";"3,9";"35";"0";"0";"";"Holzbau-Shop";"";"2,23";"0,89";"60,0"
"Schnellbauschrauben, lose, Grobgewinde PH2";"70044-PHG-3945";"70044-PHG-3945";"Befestigungsmittel";"Sonstiges";"100 Stk";"3,9";"45";"0";"0";"";"Holzbau-Shop";"";"2,49";"1,00";"60,0"
"Schnellbauschrauben magaziniert Feingewinde PH2";"MSS5-PHF-3535";"MSS5-PHF-3535";"Befestigungsmittel";"Sonstiges";"1000 Stk";"3,5";"35";"0";"0";"";"Holzbau-Shop";"";"34,98";"12,24";"65,0"
"Schnellbauschrauben magaziniert Grobgewinde PH2";"MSS5-PHG-3925";"MSS5-PHG-3925";"Befestigungsmittel";"Sonstiges";"1000 Stk";"3,9";"25";"0";"0";"";"Holzbau-Shop";"";"32,86";"11,50";"65,0"
"Schnellbauschrauben magaziniert Grobgewinde PH2";"MSS5-PHG-3935";"MSS5-PHG-3935";"Befestigungsmittel";"Sonstiges";"1000 Stk";"3,9";"35";"0";"0";"";"Holzbau-Shop";"";"34,98";"12,24";"65,0"
"Schnellbauschrauben magaziniert Grobgewinde PH2";"MSS5-PHG-3945";"MSS5-PHG-3945";"Befestigungsmittel";"Sonstiges";"1000 Stk";"3,9";"45";"0";"0";"";"Holzbau-Shop";"";"41,34";"14,47";"65,0"
"Expressnagel MEN";"70056-6060";"70056-6060";"Befestigungsmittel";"Nägel / Klammern";"100 Stk";"6";"60";"0";"0";"";"Holzbau-Shop";"";"25,44";"10,18";"60,0"
"Expressnagel MEN";"70056-6080";"70056-6080";"Befestigungsmittel";"Nägel / Klammern";"100 Stk";"6";"80";"0";"0";"";"Holzbau-Shop";"";"29,68";"11,87";"60,0"
"Expressnagel MEN";"70056-80110";"70056-80110";"Befestigungsmittel";"Nägel / Klammern";"100 Stk";"8";"110";"0";"0";"";"Holzbau-Shop";"";"62,54";"25,02";"60,0"
"Expressnagel MEN";"70056-80130";"70056-80130";"Befestigungsmittel";"Nägel / Klammern";"100 Stk";"8";"130";"0";"0";"";"Holzbau-Shop";"";"79,50";"31,80";"60,0"
"Expressnagel MEN";"70056-80150";"70056-80150";"Befestigungsmittel";"Nägel / Klammern";"100 Stk";"8";"150";"0";"0";"";"Holzbau-Shop";"";"108,12";"43,25";"60,0"
"Expressnagel MEN";"70056-80180";"70056-80180";"Befestigungsmittel";"Nägel / Klammern";"100 Stk";"8";"180";"0";"0";"";"Holzbau-Shop";"";"136,74";"54,70";"60,0"
"Expressnagel MEN";"70056-8090";"70056-8090";"Befestigungsmittel";"Nägel / Klammern";"100 Stk";"8";"90";"0";"0";"";"Holzbau-Shop";"";"54,06";"21,62";"60,0"
"Abverkauf - WIMASSIV 300 ml Fixbeton";"70200";"70200";"Befestigungsmittel";"Sonstiges";"Stk";"";"";"0";"0";"";"Holzbau-Shop";"";"1,00";"1,00";"0,0"
"Stützenfuß Pfostenträger Abdeckhülse Zink - Nickel 80 mm";"AH1";"AH1";"Befestigungsmittel";"Sonstiges";"Stk";"";"";"0";"0";"";"Holzbau-Shop";"";"2,95";"1,48";"50,0"
"Stützenfuß Gewindehülse Pfostenträger GW1 Zink-Nickel 110 mm M24";"GW1";"GW1";"Befestigungsmittel";"Sonstiges";"Stk";"";"";"0";"0";"";"Holzbau-Shop";"";"13,61";"6,81";"50,0"
"Stützenfußoberteil Pfostenträger OT1 Zink-Nickel Platte 100 x 100 mm";"OT1";"OT1";"Befestigungsmittel";"Sonstiges";"Stk";"";"";"0";"0";"";"Holzbau-Shop";"";"14,77";"7,39";"50,0"
"Stützenfußunterteil Pfostenträger UT1 Zink-Nickel Grundplatte 100 x 100 mm M24 Gewindstange 90 mm";"UT1";"UT1";"Befestigungsmittel";"Sonstiges";"Stk";"";"";"0";"0";"";"Holzbau-Shop";"";"11,68";"5,84";"50,0"
"Stützenfußunterteil Pfostenträger UT2 Zink-Nickel Grundplatte 100 x 160 mm M24 Gewindstange 90 mm";"UT2";"UT2";"Befestigungsmittel";"Sonstiges";"Stk";"";"";"0";"0";"";"Holzbau-Shop";"";"14,17";"7,08";"50,0"
"Stützenfuß Pfostenträger Abdeckhülse Zink - Nickel 230 mm";"AH2";"AH2";"Befestigungsmittel";"Sonstiges";"Stk";"";"";"0";"0";"";"Holzbau-Shop";"";"4,41";"2,21";"50,0"
"Stützenfußunterteil Pfostenträger UT3 Zink-Nickel Grundplatte 100 x 160 mm M24 Gewindstange 250 mm";"UT3";"UT3";"Befestigungsmittel";"Sonstiges";"Stk";"";"";"0";"0";"";"Holzbau-Shop";"";"16,63";"8,31";"50,0"
"Stützenfußunterteil Pfostenträger UT4 Zink-Nickel Grundplatte 100 x 160 mm M24 Gewindstange 330 mm";"UT4";"UT4";"Befestigungsmittel";"Sonstiges";"Stk";"";"";"0";"0";"";"Holzbau-Shop";"";"19,07";"9,54";"50,0"
"Stützenfuß-Set Pfostenträger W1 Zink-Nickel";"W1";"W1";"Befestigungsmittel";"Sonstiges";"Stk";"";"";"0";"0";"";"Holzbau-Shop";"";"34,80";"17,40";"50,0"
"Stützenfuß-Set Pfostenträger W2 Zink-Nickel";"W2";"W2";"Befestigungsmittel";"Sonstiges";"Stk";"";"";"0";"0";"";"Holzbau-Shop";"";"37,20";"18,60";"50,0"
"Stützenfußoberteil Pfostenträger OTW Zink-Nickel Platte 100 x 100 mm mit Winkel";"OTW";"OTW";"Befestigungsmittel";"Verbinder / Winkel";"Stk";"";"";"0";"0";"";"Holzbau-Shop";"";"12,65";"6,33";"50,0"
"Stützenfuß-Set UNI Zink-Nickel";"UNI";"UNI";"Befestigungsmittel";"Sonstiges";"Stk";"";"";"0";"0";"";"Holzbau-Shop";"";"34,50";"17,25";"50,0"
"Stützenfuß Pfostenträger Abdeckhülse Zink - Nickel 80 mm M30";"AH1M30";"AH1M30";"Befestigungsmittel";"Sonstiges";"Stk";"";"";"0";"0";"";"Holzbau-Shop";"";"3,71";"1,85";"50,0"
"Stützenfuß Pfostenträger Abdeckhülse Zink - Nickel 230 mm M30";"AH2M30";"AH2M30";"Befestigungsmittel";"Sonstiges";"Stk";"";"";"0";"0";"";"Holzbau-Shop";"";"7,31";"3,66";"50,0"
"Stützenfuß Pfostenträger Abdeckhülse Zink - Nickel 150 mm";"AH3";"AH3";"Befestigungsmittel";"Sonstiges";"Stk";"";"";"0";"0";"";"Holzbau-Shop";"";"4,24";"2,12";"50,0"
"Stützenfußoberteil Pfostenträger OTV Variomax Zink-Nickel Platte 100 x 100 mm Gewindehülse 110 mm Überwurfmutter M24";"OTV";"OTV";"Befestigungsmittel";"Sonstiges";"Stk";"";"";"0";"0";"";"Holzbau-Shop";"";"40,25";"20,12";"50,0"
"Stützenfußunterteil Pfostenträger UT5 Zink-Nickel Grundplatte 100 x 160 mm M24 Gewindestange 160 mm";"UT5";"UT5";"Befestigungsmittel";"Sonstiges";"Stk";"";"";"0";"0";"";"Holzbau-Shop";"";"17,25";"8,62";"50,0"
"Stützenfußunterteil Pfostenträger UTM302 Zink-Nickel Grundplatte 100 x 160 x 10 mm M30 Gewindstange 80 mm";"UTM302";"UTM302";"Befestigungsmittel";"Sonstiges";"Stk";"";"";"0";"0";"";"Holzbau-Shop";"";"25,30";"12,65";"50,0"
"Stützenfußunterteil Pfostenträger UTM303 Zink-Nickel Grundplatte 100 x 160 x 10 mm M30 Gewindstange 250 mm";"UTM303";"UTM303";"Befestigungsmittel";"Sonstiges";"Stk";"";"";"0";"0";"";"Holzbau-Shop";"";"27,60";"13,80";"50,0"
"Stützenfuß Pfostenträger VARIOMAX 1 140-210mm Höhenverstellbar";"VARIOMAX1";"VARIOMAX1";"Befestigungsmittel";"Sonstiges";"Stk";"";"";"0";"0";"";"Holzbau-Shop";"";"61,87";"30,94";"50,0"
"Stützenfuß Pfostenträger VARIOMAX 2 260-320mm Höhenverstellbar";"VARIOMAX2";"VARIOMAX2";"Befestigungsmittel";"Sonstiges";"Stk";"";"";"0";"0";"";"Holzbau-Shop";"";"73,37";"36,69";"50,0"
"Stützenfuß Pfostenträger VARIOMAX 3 210 - 260 mm Höhenverstellbar";"VARIOMAX3";"VARIOMAX3";"Befestigungsmittel";"Sonstiges";"Stk";"";"";"0";"0";"";"Holzbau-Shop";"";"66,70";"33,35";"50,0"
"Stützenfuß ISB160 mit Pfostenträger Schwert 6mm, Höhe 160mm Zink - Nickel";"ISB160";"ISB160";"Befestigungsmittel";"Sonstiges";"Stk";"";"";"0";"0";"";"Holzbau-Shop";"";"100,70";"50,35";"50,0"
"Stützenfuß ISB260 mit Schwert 6mm, Höhe 260mm Zink - Nickel";"ISB260";"ISB260";"Befestigungsmittel";"Sonstiges";"Stk";"";"";"0";"0";"";"Holzbau-Shop";"";"116,60";"58,30";"50,0"
"Winkelverbinder KR Langloch";"WVKRL-135";"WVKRL-135";"Befestigungsmittel";"Verbinder / Winkel";"Stk";"";"";"0";"0";"";"Holzbau-Shop";"";"8,52";"4,26";"50,0"
"Winkelverbinder KR Langloch";"WVKRL-285";"WVKRL-285";"Befestigungsmittel";"Verbinder / Winkel";"Stk";"";"";"0";"0";"";"Holzbau-Shop";"";"9,65";"4,83";"50,0"
"Winkelverbinder Lochplatte 60 x 60 x 60 x 2 mm (60204)";"WVL-6060";"WVL-6060";"Befestigungsmittel";"Verbinder / Winkel";"Stk";"";"";"0";"0";"";"Holzbau-Shop";"";"0,91";"0,46";"50,0"
"Winkelverbinder mit Rippe";"WVR-105105";"WVR-105105";"Befestigungsmittel";"Verbinder / Winkel";"Stk";"";"";"0";"0";"";"Holzbau-Shop";"";"1,80";"0,90";"50,0"
"Winkelverbinder mit Rippe";"WVR-9090";"WVR-9090";"Befestigungsmittel";"Verbinder / Winkel";"Stk";"";"";"0";"0";"";"Holzbau-Shop";"";"1,02";"0,51";"50,0"
"Knaggen";"KNA-170";"KNA-170";"Befestigungsmittel";"Sonstiges";"Stk";"";"";"0";"0";"";"Holzbau-Shop";"";"13,78";"6,89";"50,0"
"Knaggen";"KNA-210";"KNA-210";"Befestigungsmittel";"Sonstiges";"Stk";"";"";"0";"0";"";"Holzbau-Shop";"";"15,90";"7,95";"50,0"
"Sparrenfettenanker";"SPA-210";"SPA-210";"Befestigungsmittel";"Anker / Betonschrauben";"Stk";"";"";"0";"0";"";"Holzbau-Shop";"";"1,48";"0,74";"50,0"
"Sparrenfettenanker";"SPA-290";"SPA-290";"Befestigungsmittel";"Anker / Betonschrauben";"Stk";"";"";"0";"0";"";"Holzbau-Shop";"";"4,70";"2,35";"50,0"
"Windrispenband 40 x 50.000 x 2 mm (60198)";"WRB-4050000";"WRB-4050000";"Befestigungsmittel";"Sonstiges";"Stk";"";"";"0";"0";"";"Holzbau-Shop";"";"124,76";"62,38";"50,0"
"Balkenschuhe Außen Type1";"BSA1-100140";"BSA1-100140";"Befestigungsmittel";"Sonstiges";"Stk";"";"";"0";"0";"";"Holzbau-Shop";"";"2,65";"1,32";"50,0"
"Balkenschuhe Außen Type1";"BSA1-100200";"BSA1-100200";"Befestigungsmittel";"Sonstiges";"Stk";"";"";"0";"0";"";"Holzbau-Shop";"";"5,83";"2,92";"50,0"
"Balkenschuhe Außen Type1";"BSA1-120160";"BSA1-120160";"Befestigungsmittel";"Sonstiges";"Stk";"";"";"0";"0";"";"Holzbau-Shop";"";"3,29";"1,65";"50,0"
"Balkenschuhe Außen Type1";"BSA1-140180";"BSA1-140180";"Befestigungsmittel";"Sonstiges";"Stk";"";"";"0";"0";"";"Holzbau-Shop";"";"4,40";"2,20";"50,0"
"Balkenschuhe Außen Type1";"BSA1-160280";"BSA1-160280";"Befestigungsmittel";"Sonstiges";"Stk";"";"";"0";"0";"";"Holzbau-Shop";"";"30,20";"15,10";"50,0"
"Balkenschuhe Außen Type1";"BSA1-160300";"BSA1-160300";"Befestigungsmittel";"Sonstiges";"Stk";"";"";"0";"0";"";"Holzbau-Shop";"";"27,56";"13,78";"50,0"
"Balkenschuhe Außen Type1";"BSA1-60100";"BSA1-60100";"Befestigungsmittel";"Sonstiges";"Stk";"";"";"0";"0";"";"Holzbau-Shop";"";"2,23";"1,11";"50,0"
"Balkenschuhe Außen Type1";"BSA1-80120";"BSA1-80120";"Befestigungsmittel";"Sonstiges";"Stk";"";"";"0";"0";"";"Holzbau-Shop";"";"2,65";"1,32";"50,0"
"Balkenschuhe Außen Type 3";"BSA3-140320";"BSA3-140320";"Befestigungsmittel";"Sonstiges";"Stk";"";"";"0";"0";"";"Holzbau-Shop";"";"25,44";"12,72";"50,0"
"Balkenschuhe Außen Type 3";"BSA3-160200";"BSA3-160200";"Befestigungsmittel";"Sonstiges";"Stk";"";"";"0";"0";"";"Holzbau-Shop";"";"5,30";"2,65";"50,0"
"Balkenschuhe Außen Type 3";"BSA3-200200";"BSA3-200200";"Befestigungsmittel";"Sonstiges";"Stk";"";"";"0";"0";"";"Holzbau-Shop";"";"23,32";"11,66";"50,0"
"Balkenschuhe Innen Type 2";"BSI2-100140";"BSI2-100140";"Befestigungsmittel";"Sonstiges";"Stk";"";"";"0";"0";"";"Holzbau-Shop";"";"3,07";"1,54";"50,0"
"Balkenschuhe Innen Type 2";"BSI2-120160";"BSI2-120160";"Befestigungsmittel";"Sonstiges";"Stk";"";"";"0";"0";"";"Holzbau-Shop";"";"3,90";"1,95";"50,0"
"Balkenschuhe Innen Type 2";"BSI2-140180";"BSI2-140180";"Befestigungsmittel";"Sonstiges";"Stk";"";"";"0";"0";"";"Holzbau-Shop";"";"4,77";"2,39";"50,0"
"Balkenschuhe Innen Type 2";"BSI2-80120";"BSI2-80120";"Befestigungsmittel";"Sonstiges";"Stk";"";"";"0";"0";"";"Holzbau-Shop";"";"2,70";"1,35";"50,0"
"Balkenschuhe Innen Type 4 160 x 200 x 2,5 (60138)";"BSI4-160200";"BSI4-160200";"Befestigungsmittel";"Sonstiges";"Stk";"";"";"0";"0";"";"Holzbau-Shop";"";"15,90";"7,95";"50,0"
"Balkenschuhe Innen Type2 180 x 200 x 2,5";"BSI5-180200";"BSI5-180200";"Befestigungsmittel";"Sonstiges";"Stk";"";"";"0";"0";"";"Holzbau-Shop";"";"25,44";"12,72";"50,0"
"WIFIX UV 40 Verbinder 60x115x16";"60900";"60900";"Befestigungsmittel";"Verbinder / Winkel";"Stk";"";"";"0";"0";"";"Holzbau-Shop";"";"42,00";"21,00";"50,0"
"WIFIX UV-Schraube";"60901-5050";"60901-5050";"Befestigungsmittel";"Sonstiges";"100 Stk";"5";"50";"0";"0";"";"Holzbau-Shop";"";"23,75";"9,50";"60,0"
"WIFIX UV-Schraube";"60901-5070";"60901-5070";"Befestigungsmittel";"Sonstiges";"100 Stk";"5";"70";"0";"0";"";"Holzbau-Shop";"";"43,75";"17,50";"60,0"
"WIFIX UV-Schraube";"60901-60100";"60901-60100";"Befestigungsmittel";"Sonstiges";"100 Stk";"6";"100";"0";"0";"";"Holzbau-Shop";"";"81,25";"32,50";"60,0"
"WIFIX UV-Schraube";"60901-60120";"60901-60120";"Befestigungsmittel";"Sonstiges";"100 Stk";"6";"120";"0";"0";"";"Holzbau-Shop";"";"100,00";"40,00";"60,0"
"WIFIX UV-Schraube";"60901-60140";"60901-60140";"Befestigungsmittel";"Sonstiges";"100 Stk";"6";"140";"0";"0";"";"Holzbau-Shop";"";"112,50";"45,00";"60,0"
"WIFIX UV-Schraube";"60901-60160";"60901-60160";"Befestigungsmittel";"Sonstiges";"100 Stk";"6";"160";"0";"0";"";"Holzbau-Shop";"";"118,75";"47,50";"60,0"
"WIFIX UV 20 Verbinder 30x70x16";"60902";"60902";"Befestigungsmittel";"Verbinder / Winkel";"Stk";"";"";"0";"0";"";"Holzbau-Shop";"";"29,80";"14,90";"50,0"
"WIFIX UV 60 Verbinder 60x160x16";"60903";"60903";"Befestigungsmittel";"Verbinder / Winkel";"Stk";"";"";"0";"0";"";"Holzbau-Shop";"";"70,00";"35,00";"50,0"
"WIFIX UV 30 Verbinder 40x85x16";"60904";"60904";"Befestigungsmittel";"Verbinder / Winkel";"Stk";"";"";"0";"0";"";"Holzbau-Shop";"";"38,20";"19,10";"50,0"
"Dachpappnägel Wickelpackung Feuerverzinkt";"DNL-FE-2520";"DNL-FE-2520";"Befestigungsmittel";"Sonstiges";"kg";"";"";"0";"0";"";"Holzbau-Shop";"";"10,60";"4,24";"60,0"
"Dachpappnägel Wickelpackung Feuerverzinkt";"DNL-FE-2525";"DNL-FE-2525";"Befestigungsmittel";"Sonstiges";"kg";"";"";"0";"0";"";"Holzbau-Shop";"";"10,60";"4,24";"60,0"
"Dachpappnägel Wickelpackung Feuerverzinkt";"DNL-FE-2530";"DNL-FE-2530";"Befestigungsmittel";"Sonstiges";"kg";"";"";"0";"0";"";"Holzbau-Shop";"";"10,60";"4,24";"60,0"
"Dachpappnägel Wickelpackung Feuerverzinkt";"DNL-FE-2535";"DNL-FE-2535";"Befestigungsmittel";"Sonstiges";"kg";"";"";"0";"0";"";"Holzbau-Shop";"";"10,60";"4,24";"60,0"
"Ankernägel Ringnut Verzinkt lose Bauzugelassen";"AKNL-4060";"AKNL-4060";"Befestigungsmittel";"Anker / Betonschrauben";"100 Stk";"4";"60";"0";"0";"";"Holzbau-Shop";"";"8,48";"3,39";"60,0"
"Drahtstifte Wickelpackung Glatt Blank";"NL-2870";"NL-2870";"Befestigungsmittel";"Sonstiges";"kg";"";"";"0";"0";"";"Holzbau-Shop";"";"6,36";"2,54";"60,0"
"Drahtstifte Wickelpackung Glatt Blank";"NL-3180";"NL-3180";"Befestigungsmittel";"Sonstiges";"kg";"";"";"0";"0";"";"Holzbau-Shop";"";"6,36";"2,54";"60,0"
"Drahtstifte Wickelpackung Glatt Blank";"NL-3490";"NL-3490";"Befestigungsmittel";"Sonstiges";"kg";"";"";"0";"0";"";"Holzbau-Shop";"";"6,36";"2,54";"60,0"
"Drahtstifte Wickelpackung Glatt Blank";"NL-38100";"NL-38100";"Befestigungsmittel";"Sonstiges";"kg";"";"";"0";"0";"";"Holzbau-Shop";"";"6,36";"2,54";"60,0"
"Drahtstifte Wickelpackung Glatt Blank";"NL-46130";"NL-46130";"Befestigungsmittel";"Sonstiges";"kg";"";"";"0";"0";"";"Holzbau-Shop";"";"6,36";"2,54";"60,0"
"Drahtstifte Wickelpackung Glatt Blank";"NL-50150";"NL-50150";"Befestigungsmittel";"Sonstiges";"kg";"";"";"0";"0";"";"Holzbau-Shop";"";"6,36";"2,54";"60,0"
"Drahtstifte Wickelpackung Glatt Blank";"NL-80260";"NL-80260";"Befestigungsmittel";"Sonstiges";"kg";"";"";"0";"0";"";"Holzbau-Shop";"";"6,36";"2,54";"60,0"
"Drahtstifte Wickelpackung Glatt Feuerverzinkt";"NL-FE-2870";"NL-FE-2870";"Befestigungsmittel";"Sonstiges";"kg";"";"";"0";"0";"";"Holzbau-Shop";"";"15,90";"6,36";"60,0"
"Drahtstifte Wickelpackung Glatt Feuerverzinkt";"NL-FE-3490";"NL-FE-3490";"Befestigungsmittel";"Sonstiges";"kg";"";"";"0";"0";"";"Holzbau-Shop";"";"15,90";"6,36";"60,0"
"Klammern Wimmer K80 verzinkt CNK";"K80-10";"K80-10";"Befestigungsmittel";"Nägel / Klammern";"1000 Stk";"";"";"0";"0";"";"Holzbau-Shop";"";"6,69";"2,34";"65,0"
"Klammern Wimmer K80 verzinkt CNK";"K80-16";"K80-16";"Befestigungsmittel";"Nägel / Klammern";"1000 Stk";"";"";"0";"0";"";"Holzbau-Shop";"";"8,51";"2,98";"65,0"
"Hammertacker";"HT-10B";"HT-10B";"Befestigungsmittel";"Sonstiges";"Stk";"";"";"0";"0";"";"Holzbau-Shop";"";"47,70";"31,01";"35,0"
"Klammern Type 11 passend zu Hammertacker";"K11-10";"K11-10";"Befestigungsmittel";"Nägel / Klammern";"1000 Stk";"";"";"0";"0";"";"Holzbau-Shop";"";"2,21";"0,77";"65,0"
"C1650W Rundmagazinnagler 25-50mm";"C1650W";"C1650W";"Befestigungsmittel";"Sonstiges";"Stk";"";"";"0";"0";"";"Holzbau-Shop";"";"349,80";"279,84";"20,0"
"Rundmagazinnagler für Drahtcoilnägel 16° 2,1x25 - 2,3x50mm für Coilnägel CCR16";"C1650W1";"C1650W1";"Befestigungsmittel";"Nägel / Klammern";"Stk";"";"";"0";"0";"";"Holzbau-Shop";"";"442,13";"353,70";"20,0"
"Nagelrollen Mini Konisch Coilnägel Drahtgebunden 16° Ring Blank";"CC16R-2140";"CC16R-2140";"Befestigungsmittel";"Nägel / Klammern";"1000 Stk";"2,1";"40";"0";"0";"";"Holzbau-Shop";"";"11,66";"4,08";"65,0"
"Nagelrollen Mini Konisch Coilnägel Drahtgebunden 16° Ring Feuerverzinkt";"CC16R-FE-2135";"CC16R-FE-2135";"Befestigungsmittel";"Nägel / Klammern";"1000 Stk";"2,1";"35";"0";"0";"";"Holzbau-Shop";"";"19,08";"6,68";"65,0"
"Nagelrollen Mini Konisch Coilnägel Drahtgebunden 16° Ring Feuerverzinkt";"CC16R-FE-2145";"CC16R-FE-2145";"Befestigungsmittel";"Nägel / Klammern";"1000 Stk";"2,1";"45";"0";"0";"";"Holzbau-Shop";"";"21,20";"7,42";"65,0"
"Nagelrollen Mini Konisch Coilnägel Drahtgebunden 16° Ring Feuerverzinkt";"CC16R-FE-2150";"CC16R-FE-2150";"Befestigungsmittel";"Nägel / Klammern";"1000 Stk";"2,1";"50";"0";"0";"";"Holzbau-Shop";"";"23,32";"8,16";"65,0"
"Nagelrollen Mini Konisch Coilnägel Drahtgebunden 16° Ring Edelstahl A2";"CC16R-HA2-2135";"CC16R-HA2-2135";"Befestigungsmittel";"Nägel / Klammern";"1000 Stk";"2,1";"35";"0";"0";"";"Holzbau-Shop";"";"37,10";"12,98";"65,0"
"Nagelrollen Coilnägel Sheetgebunden 0° Ring Linsenkof Rostfrei A2 Ring";"CS0-2865";"CS0-2865";"Befestigungsmittel";"Nägel / Klammern";"1000 Stk";"2,8";"65";"0";"0";"";"Holzbau-Shop";"";"143,10";"50,09";"65,0"
"Rundmagazinnagler C1665XE";"C1665XE";"C1665XE";"Befestigungsmittel";"Sonstiges";"Stk";"";"";"0";"0";"";"Holzbau-Shop";"";"434,60";"347,68";"20,0"
"TJEP Rundmagazinnagler für Drahtcoilnägel 16° 2,3x50-3,4x90mm";"C1690B";"C1690B";"Befestigungsmittel";"Nägel / Klammern";"Stk";"";"";"0";"0";"";"Holzbau-Shop";"";"519,40";"415,52";"20,0"
"Rundmagazinnagler Wimmer C1690XE";"C1690XE";"C1690XE";"Befestigungsmittel";"Sonstiges";"Stk";"";"";"0";"0";"";"Holzbau-Shop";"";"540,60";"432,48";"20,0"
"Kombinagler Wimmer BGNGA50F 15-55mm";"BGNGA50F";"BGNGA50F";"Befestigungsmittel";"Sonstiges";"Stk";"";"";"0";"0";"";"Holzbau-Shop";"";"348,74";"278,99";"20,0"
"Rundmagazinnagler für Paletten, 45-70mm";"C1670P";"C1670P";"Befestigungsmittel";"Sonstiges";"Stk";"";"";"0";"0";"";"Holzbau-Shop";"";"444,14";"355,31";"20,0"
"Rundmagazinnagler für Paletten, 50-90mm";"C1690P";"C1690P";"Befestigungsmittel";"Sonstiges";"Stk";"";"";"0";"0";"";"Holzbau-Shop";"";"550,14";"440,11";"20,0"
"Rundmagazinnagler für Drahtcoilnägel 16° 2,3x50-3,4x90mm";"C1690W";"C1690W";"Befestigungsmittel";"Nägel / Klammern";"Stk";"";"";"0";"0";"";"Holzbau-Shop";"";"477,00";"381,60";"20,0"
"Nagelrollen Coilnägel Drahtgebunden 16° Glatt Blank";"C16-2870";"C16-2870";"Befestigungsmittel";"Nägel / Klammern";"1000 Stk";"2,8";"70";"0";"0";"";"Holzbau-Shop";"";"19,08";"6,68";"65,0"
"Nagelrollen Coilnägel Drahtgebunden 16° Glatt Blank";"C16-3170";"C16-3170";"Befestigungsmittel";"Nägel / Klammern";"1000 Stk";"3,1";"70";"0";"0";"";"Holzbau-Shop";"";"25,44";"8,90";"65,0"
"Nagelrollen Coilnägel Drahtgebunden 16° Glatt Blank";"C16-3180";"C16-3180";"Befestigungsmittel";"Nägel / Klammern";"1000 Stk";"3,1";"80";"0";"0";"";"Holzbau-Shop";"";"25,44";"8,90";"65,0"
"Nagelrollen Coilnägel Drahtgebunden 16° Glatt Blank";"C16-3190";"C16-3190";"Befestigungsmittel";"Nägel / Klammern";"1000 Stk";"3,1";"90";"0";"0";"";"Holzbau-Shop";"";"28,62";"10,02";"65,0"
"Nagelrollen Coilnägel Drahtgebunden 16° Glatt Blank";"C16-38130";"C16-38130";"Befestigungsmittel";"Nägel / Klammern";"1000 Stk";"3,8";"130";"0";"0";"";"Holzbau-Shop";"";"111,30";"38,96";"65,0"
"Nagelrollen Coilnägel Drahtgebunden 16° Ring Blank";"C16R-2335";"C16R-2335";"Befestigungsmittel";"Nägel / Klammern";"1000 Stk";"2,3";"35";"0";"0";"";"Holzbau-Shop";"";"13,78";"4,82";"65,0"
"Nagelrollen Coilnägel Drahtgebunden 16° Ring Blank";"C16R-2540";"C16R-2540";"Befestigungsmittel";"Nägel / Klammern";"1000 Stk";"2,5";"40";"0";"0";"";"Holzbau-Shop";"";"14,84";"5,19";"65,0"
"Nagelrollen Coilnägel Drahtgebunden 16° Ring Blank";"C16R-2550";"C16R-2550";"Befestigungsmittel";"Nägel / Klammern";"1000 Stk";"2,5";"50";"0";"0";"";"Holzbau-Shop";"";"15,90";"5,57";"65,0"
"Nagelrollen Coilnägel Drahtgebunden 16° Ring Blank";"C16R-2565";"C16R-2565";"Befestigungsmittel";"Nägel / Klammern";"1000 Stk";"2,5";"65";"0";"0";"";"Holzbau-Shop";"";"16,96";"5,94";"65,0"
"Nagelrollen Coilnägel Drahtgebunden 16° Ring Blank";"C16R-2842";"C16R-2842";"Befestigungsmittel";"Nägel / Klammern";"1000 Stk";"2,8";"42";"0";"0";"";"Holzbau-Shop";"";"16,96";"5,94";"65,0"
"Nagelrollen Coilnägel Drahtgebunden 16° Ring Blank";"C16R-2870";"C16R-2870";"Befestigungsmittel";"Nägel / Klammern";"1000 Stk";"2,8";"70";"0";"0";"";"Holzbau-Shop";"";"20,14";"7,05";"65,0"
"Nagelrollen Coilnägel Drahtgebunden 16° Ring Blank";"C16R-3170";"C16R-3170";"Befestigungsmittel";"Nägel / Klammern";"1000 Stk";"3,1";"70";"0";"0";"";"Holzbau-Shop";"";"30,74";"10,76";"65,0"
"Nagelrollen Coilnägel Drahtgebunden 16° Ring Blank";"C16R-3180";"C16R-3180";"Befestigungsmittel";"Nägel / Klammern";"1000 Stk";"3,1";"80";"0";"0";"";"Holzbau-Shop";"";"32,86";"11,50";"65,0"
"Nagelrollen Coilnägel Drahtgebunden 16° Ring Blank";"C16R-3190";"C16R-3190";"Befestigungsmittel";"Nägel / Klammern";"1000 Stk";"3,1";"90";"0";"0";"";"Holzbau-Shop";"";"30,74";"10,76";"65,0"
"Nagelrollen Coilnägel Drahtgebunden 16° Schraub Blank";"C16S-3190";"C16S-3190";"Befestigungsmittel";"Nägel / Klammern";"1000 Stk";"3,1";"90";"0";"0";"";"Holzbau-Shop";"";"30,74";"10,76";"65,0"
"Nagelrollen Coilnägel Drahtgebunden 16° Glatt Galv. Verzinkt";"C16-HGA-2870";"C16-HGA-2870";"Befestigungsmittel";"Nägel / Klammern";"1000 Stk";"2,8";"70";"0";"0";"";"Holzbau-Shop";"";"32,86";"11,50";"65,0"
"Nagelrollen Coilnägel Drahtgebunden 16° Glatt Galv. Verzinkt";"C16-HGA-3170";"C16-HGA-3170";"Befestigungsmittel";"Nägel / Klammern";"1000 Stk";"3,1";"70";"0";"0";"";"Holzbau-Shop";"";"39,70";"13,89";"65,0"
"Nagelrollen Coilnägel Drahtgebunden 16° Ring Galv. Verzinkt";"C16R-HGA-2550";"C16R-HGA-2550";"Befestigungsmittel";"Nägel / Klammern";"1000 Stk";"2,5";"50";"0";"0";"";"Holzbau-Shop";"";"23,32";"8,16";"65,0"
"Nagelrollen Coilnägel Drahtgebunden 16° Ring Galv. Verzinkt";"C16R-HGA-2565";"C16R-HGA-2565";"Befestigungsmittel";"Nägel / Klammern";"1000 Stk";"2,5";"65";"0";"0";"";"Holzbau-Shop";"";"25,44";"8,90";"65,0"
"Nagelrollen Coilnägel Drahtgebunden 16° Ring Galv. Verzinkt";"C16R-HGA-2870";"C16R-HGA-2870";"Befestigungsmittel";"Nägel / Klammern";"1000 Stk";"2,8";"70";"0";"0";"";"Holzbau-Shop";"";"32,86";"11,50";"65,0"
"Nagelrollen Coilnägel Drahtgebunden 16° Ring Galv. Verzinkt";"C16R-HGA-3170";"C16R-HGA-3170";"Befestigungsmittel";"Nägel / Klammern";"1000 Stk";"3,1";"70";"0";"0";"";"Holzbau-Shop";"";"37,10";"12,98";"65,0"
"Nagelrollen Coilnägel Drahtgebunden 16° Schraub Galv. Verzinkt";"C16S-HGA-3190";"C16S-HGA-3190";"Befestigungsmittel";"Nägel / Klammern";"1000 Stk";"3,1";"90";"0";"0";"";"Holzbau-Shop";"";"40,28";"14,10";"65,0"
"Nagelrollen Coilnägel Drahtgebunden 16° Glatt Feuerverzinkt";"C16-HFE-3180";"C16-HFE-3180";"Befestigungsmittel";"Nägel / Klammern";"1000 Stk";"3,1";"80";"0";"0";"";"Holzbau-Shop";"";"74,20";"25,97";"65,0"
"Nagelrollen Coilnägel Drahtgebunden 16° Ring Linsenkopf Rostfrei A2";"C16RL-HA2-2865";"C16RL-HA2-2865";"Befestigungsmittel";"Nägel / Klammern";"1000 Stk";"2,8";"65";"0";"0";"";"Holzbau-Shop";"";"95,40";"33,39";"65,0"
"Nagelrollen Coilnägel Drahtgebunden 16° Ring Linsenkopf Rostfrei A2";"C16RL-HA2-2880";"C16RL-HA2-2880";"Befestigungsmittel";"Nägel / Klammern";"1000 Stk";"2,8";"80";"0";"0";"";"Holzbau-Shop";"";"127,20";"44,52";"65,0"
"Nagelrollen Coilnägel Sheetgebunden 16° Ring Linsenkopf A2";"CS16RL-HA2-2550";"CS16RL-HA2-2550";"Befestigungsmittel";"Nägel / Klammern";"1000 Stk";"2,5";"50";"0";"0";"";"Holzbau-Shop";"";"84,80";"29,68";"65,0"
"Nagelrollen Coilnägel Sheetgebunden 16° Ring Linsenkopf A2";"CS16RL-HA2-2865";"CS16RL-HA2-2865";"Befestigungsmittel";"Nägel / Klammern";"1000 Stk";"2,8";"65";"0";"0";"";"Holzbau-Shop";"";"95,40";"33,39";"65,0"
"Nagelrollen Coilnägel Sheetgebunden 16° Ring Linsenkopf A2";"CS16RL-HA2-2880";"CS16RL-HA2-2880";"Befestigungsmittel";"Nägel / Klammern";"1000 Stk";"2,8";"80";"0";"0";"";"Holzbau-Shop";"";"127,20";"44,52";"65,0"
"Ankernagler Tjep KA2 /40-50-60 mm";"AK3460B";"AK3460B";"Befestigungsmittel";"Anker / Betonschrauben";"Stk";"3,4";"60";"0";"0";"";"Holzbau-Shop";"";"339,20";"271,36";"20,0"
"Dachpappnagler DN1645B";"DN1645B";"DN1645B";"Befestigungsmittel";"Sonstiges";"Stk";"";"";"0";"0";"";"Holzbau-Shop";"";"413,40";"330,72";"20,0"
"Haftennagler Coil PC50";"HK1650B";"HK1650B";"Befestigungsmittel";"Nägel / Klammern";"Stk";"";"";"0";"0";"";"Holzbau-Shop";"";"477,00";"381,60";"20,0"
"Klammernagler Wimmer 15-40mm";"KFD40W";"KFD40W";"Befestigungsmittel";"Nägel / Klammern";"Stk";"";"";"0";"0";"";"Holzbau-Shop";"";"625,40";"500,32";"20,0"
"Ankernägel Ringnut Vario Tech AK34 DIN1052";"AK34-4040";"AK34-4040";"Befestigungsmittel";"Anker / Betonschrauben";"1000 Stk";"4";"40";"0";"0";"";"Holzbau-Shop";"";"50,88";"17,81";"65,0"
"Ankernägel Ringnut Vario Tech AK34 DIN1052";"AK34-4050";"AK34-4050";"Befestigungsmittel";"Anker / Betonschrauben";"1000 Stk";"4";"50";"0";"0";"";"Holzbau-Shop";"";"53,00";"18,55";"65,0"
"Ankernägel Ringnut Vario Tech AK34 DIN1052";"AK34-4060";"AK34-4060";"Befestigungsmittel";"Anker / Betonschrauben";"1000 Stk";"4";"60";"0";"0";"";"Holzbau-Shop";"";"58,30";"20,41";"65,0"
"Dachpappnägel Ringnut Drahtgebunden Feuerverzinkt 16° Wimmer";"DN16R-FE-3019";"DN16R-FE-3019";"Befestigungsmittel";"Sonstiges";"1000 Stk";"";"";"0";"0";"";"Holzbau-Shop";"";"23,32";"8,16";"65,0"
"Dachpappnägel Ringnut Drahtgebunden Feuerverzinkt 16° Wimmer";"DN16R-FE-3022";"DN16R-FE-3022";"Befestigungsmittel";"Sonstiges";"1000 Stk";"";"";"0";"0";"";"Holzbau-Shop";"";"25,44";"8,90";"65,0"
"Dachpappnägel Ringnut Drahtgebunden Feuerverzinkt 16° Wimmer";"DN16R-FE-3025";"DN16R-FE-3025";"Befestigungsmittel";"Sonstiges";"1000 Stk";"";"";"0";"0";"";"Holzbau-Shop";"";"28,62";"10,02";"65,0"
"Dachpappnägel Ringnut Drahtgebunden Feuerverzinkt 16° Wimmer";"DN16R-FE-3045";"DN16R-FE-3045";"Befestigungsmittel";"Sonstiges";"1000 Stk";"";"";"0";"0";"";"Holzbau-Shop";"";"50,80";"17,78";"65,0"
"Haftennagelrollen 16° Ring HA2";"HK16R-HA2-2525";"HK16R-HA2-2525";"Befestigungsmittel";"Nägel / Klammern";"1000 Stk";"2,5";"25";"0";"0";"";"Holzbau-Shop";"";"57,50";"20,12";"65,0"
"Haftennagelrollen 16° Ring HA2";"HK16R-HA2-2535";"HK16R-HA2-2535";"Befestigungsmittel";"Nägel / Klammern";"1000 Stk";"2,5";"35";"0";"0";"";"Holzbau-Shop";"";"69,00";"24,15";"65,0"
"Haftennagelstreifen 20° Ring HA2";"HK20R-HA2-2825";"HK20R-HA2-2825";"Befestigungsmittel";"Nägel / Klammern";"1000 Stk";"2,8";"25";"0";"0";"";"Holzbau-Shop";"";"100,70";"35,24";"65,0"
"Haftennagelstreifen 20° Ring HA2";"HK20R-HA2-2832";"HK20R-HA2-2832";"Befestigungsmittel";"Nägel / Klammern";"1000 Stk";"2,8";"32";"0";"0";"";"Holzbau-Shop";"";"111,30";"38,96";"65,0"
"Streifennagler NK20130W";"NK20130W";"NK20130W";"Befestigungsmittel";"Sonstiges";"Stk";"";"";"0";"0";"";"Holzbau-Shop";"";"901,00";"720,80";"20,0"
"Streifennagler NK20160W";"NK20160W";"NK20160W";"Befestigungsmittel";"Sonstiges";"Stk";"";"";"0";"0";"";"Holzbau-Shop";"";"943,40";"754,72";"20,0"
"Druckluftöl für Nagelgeräte 100ml";"094422";"094422";"Befestigungsmittel";"Nägel / Klammern";"Stk";"9,4";"422";"0";"0";"";"Holzbau-Shop";"";"22,26";"17,81";"20,0"
"1 Liter Druckluft Spezialnebelöl - harzfrei";"4006";"4006";"Befestigungsmittel";"Sonstiges";"Stk";"";"";"0";"0";"";"Holzbau-Shop";"";"20,03";"16,02";"20,0"
"Nagelstreifen Glatt Blank PVC 20° EN14592:2009";"NK20-2870";"NK20-2870";"Befestigungsmittel";"Nägel / Klammern";"1000 Stk";"2,8";"70";"0";"0";"";"Holzbau-Shop";"";"34,98";"12,24";"65,0"
"Nagelstreifen Glatt Blank PVC 20° EN14592:2009";"NK20-3180";"NK20-3180";"Befestigungsmittel";"Nägel / Klammern";"1000 Stk";"3,1";"80";"0";"0";"";"Holzbau-Shop";"";"37,10";"12,98";"65,0"
"Nagelstreifen Glatt Blank PVC 20° EN14592:2009";"NK20-3190";"NK20-3190";"Befestigungsmittel";"Nägel / Klammern";"1000 Stk";"3,1";"90";"0";"0";"";"Holzbau-Shop";"";"41,34";"14,47";"65,0"
"Nagelstreifen Glatt Blank PVC 20° EN14592:2009";"NK20-38100";"NK20-38100";"Befestigungsmittel";"Nägel / Klammern";"1000 Stk";"3,8";"100";"0";"0";"";"Holzbau-Shop";"";"53,00";"18,55";"65,0"
"Nagelstreifen Glatt Blank PVC 20° EN14592:2009";"NK20-38110";"NK20-38110";"Befestigungsmittel";"Nägel / Klammern";"1000 Stk";"3,8";"110";"0";"0";"";"Holzbau-Shop";"";"62,54";"21,89";"65,0"
"Nagelstreifen Glatt Blank PVC 20° EN14592:2009";"NK20-38120";"NK20-38120";"Befestigungsmittel";"Nägel / Klammern";"1000 Stk";"3,8";"120";"0";"0";"";"Holzbau-Shop";"";"66,78";"23,37";"65,0"
"Nagelstreifen Glatt Blank PVC 20° EN14592:2009";"NK20-38130";"NK20-38130";"Befestigungsmittel";"Nägel / Klammern";"1000 Stk";"3,8";"130";"0";"0";"";"Holzbau-Shop";"";"71,02";"24,86";"65,0"
"Nagelstreifen Glatt Blank PVC 20° EN14592:2009";"NK20-42145";"NK20-42145";"Befestigungsmittel";"Nägel / Klammern";"1000 Stk";"4,2";"145";"0";"0";"";"Holzbau-Shop";"";"90,10";"31,54";"65,0"
"Nagelstreifen Glatt Blank PVC 20° EN14592:2009";"NK20-46160";"NK20-46160";"Befestigungsmittel";"Nägel / Klammern";"1000 Stk";"4,6";"160";"0";"0";"";"Holzbau-Shop";"";"148,40";"51,94";"65,0"
"Nagelstreifen Glatt Galv. Verzinkt PVC 20°";"NK20-HGA-38130";"NK20-HGA-38130";"Befestigungsmittel";"Nägel / Klammern";"1000 Stk";"3,8";"130";"0";"0";"";"Holzbau-Shop";"";"127,20";"44,52";"65,0"
"Nagelstreifen Glatt Galv. Verzinkt PVC 20°";"NK20-HGA-42145";"NK20-HGA-42145";"Befestigungsmittel";"Nägel / Klammern";"1000 Stk";"4,2";"145";"0";"0";"";"Holzbau-Shop";"";"148,40";"51,94";"65,0"
"Nagelstreifen Glatt Galv. Verzinkt PVC 20°";"NK20-HGA-46160";"NK20-HGA-46160";"Befestigungsmittel";"Nägel / Klammern";"1000 Stk";"4,6";"160";"0";"0";"";"Holzbau-Shop";"";"222,60";"77,91";"65,0"
"Milwaukee Akku-Streifennagler M18FFN-0X NP34";"4933471406";"4933471406";"Werkzeug";"Werkzeug / Ersatzteil";"Stk";"";"";"0";"0";"";"Holzbau-Shop";"";"600,00";"510,00";"15,0"
"Brennstoffzelle Ganzjahresgas 165mm Roter Ring 1 Kartusche";"50932";"50932";"Befestigungsmittel";"Sonstiges";"Stk";"";"";"0";"0";"";"Holzbau-Shop";"";"12,61";"10,09";"20,0"
"Nagelstreifen Ring Linsenkopf Edelstahl A2 34°";"NK34RL-HA2-2850";"NK34RL-HA2-2850";"Befestigungsmittel";"Nägel / Klammern";"1000 Stk";"2,8";"50";"0";"0";"";"Holzbau-Shop";"";"121,90";"42,66";"65,0"
"Nagelstreifen Ring Linsenkopf Edelstahl A2 34°";"NK34RL-HA2-2865";"NK34RL-HA2-2865";"Befestigungsmittel";"Nägel / Klammern";"1000 Stk";"2,8";"65";"0";"0";"";"Holzbau-Shop";"";"132,50";"46,38";"65,0"
"Nagelstreifen Ring Linsenkopf Edelstahl A2 34°";"NK34RL-HA2-2880";"NK34RL-HA2-2880";"Befestigungsmittel";"Nägel / Klammern";"1000 Stk";"2,8";"80";"0";"0";"";"Holzbau-Shop";"";"153,70";"53,79";"65,0"
"Nagelstreifen Papier Glatt Blank 34°";"NP34-2870";"NP34-2870";"Befestigungsmittel";"Nägel / Klammern";"1000 Stk";"2,8";"70";"0";"0";"";"Holzbau-Shop";"";"29,68";"10,39";"65,0"
"Nagelstreifen Papier Glatt Blank 34°";"NP34-3180";"NP34-3180";"Befestigungsmittel";"Nägel / Klammern";"1000 Stk";"3,1";"80";"0";"0";"";"Holzbau-Shop";"";"37,10";"12,98";"65,0"
"Nagelstreifen Papier Glatt Blank 34°";"NP34-3190";"NP34-3190";"Befestigungsmittel";"Nägel / Klammern";"1000 Stk";"3,1";"90";"0";"0";"";"Holzbau-Shop";"";"42,40";"14,84";"65,0"
"Nagelstreifen Papier Glatt Blank 34°";"NP34-34100";"NP34-34100";"Befestigungsmittel";"Nägel / Klammern";"1000 Stk";"3,4";"100";"0";"0";"";"Holzbau-Shop";"";"31,80";"11,13";"65,0"
"Wimmer Druckluftnagler NP3490W";"NP3490W";"NP3490W";"Befestigungsmittel";"Sonstiges";"Stk";"";"";"0";"0";"";"Holzbau-Shop";"";"422,94";"338,35";"20,0"
"Nagelstreifen Papier Ring Blank 34°";"NP34R-2870";"NP34R-2870";"Befestigungsmittel";"Nägel / Klammern";"1000 Stk";"2,8";"70";"0";"0";"";"Holzbau-Shop";"";"32,86";"11,50";"65,0"
"Nagelstreifen Papier Ring Blank 34°";"NP34R-3170";"NP34R-3170";"Befestigungsmittel";"Nägel / Klammern";"1000 Stk";"3,1";"70";"0";"0";"";"Holzbau-Shop";"";"37,10";"12,98";"65,0"
"Nagelstreifen Papier Ring Blank 34°";"NP34R-3190";"NP34R-3190";"Befestigungsmittel";"Nägel / Klammern";"1000 Stk";"3,1";"90";"0";"0";"";"Holzbau-Shop";"";"47,70";"16,69";"65,0"
"Nagelstreifennägel Ring Verzinkt Papier 34°";"NP34R-HGA-2850";"NP34R-HGA-2850";"Befestigungsmittel";"Nägel / Klammern";"1000 Stk";"2,8";"50";"0";"0";"";"Holzbau-Shop";"";"39,22";"13,73";"65,0"
"Nagelstreifennägel Ring Verzinkt Papier 34°";"NP34R-HGA-2870";"NP34R-HGA-2870";"Befestigungsmittel";"Nägel / Klammern";"1000 Stk";"2,8";"70";"0";"0";"";"Holzbau-Shop";"";"41,34";"14,47";"65,0"
"Nagelstreifennägel Ring Verzinkt Papier 34°";"NP34R-HGA-3190";"NP34R-HGA-3190";"Befestigungsmittel";"Nägel / Klammern";"1000 Stk";"3,1";"90";"0";"0";"";"Holzbau-Shop";"";"53,00";"18,55";"65,0"
"Klammern K90";"K90-20";"K90-20";"Befestigungsmittel";"Nägel / Klammern";"1000 Stk";"";"";"0";"0";"";"Holzbau-Shop";"";"7,39";"2,59";"65,0"
"Klammern K90";"K90-25";"K90-25";"Befestigungsmittel";"Nägel / Klammern";"1000 Stk";"";"";"0";"0";"";"Holzbau-Shop";"";"7,81";"2,73";"65,0"
"Klammern K90";"K90-28";"K90-28";"Befestigungsmittel";"Nägel / Klammern";"1000 Stk";"";"";"0";"0";"";"Holzbau-Shop";"";"8,51";"2,98";"65,0"
"Klammern K90";"K90-30";"K90-30";"Befestigungsmittel";"Nägel / Klammern";"1000 Stk";"";"";"0";"0";"";"Holzbau-Shop";"";"9,30";"3,25";"65,0"
"Klammern K90";"K90-32";"K90-32";"Befestigungsmittel";"Nägel / Klammern";"1000 Stk";"";"";"0";"0";"";"Holzbau-Shop";"";"10,09";"3,53";"65,0"
"Klammern K90";"K90-35";"K90-35";"Befestigungsmittel";"Nägel / Klammern";"1000 Stk";"";"";"0";"0";"";"Holzbau-Shop";"";"10,87";"3,80";"65,0"
"Klammern K90";"K90-38";"K90-38";"Befestigungsmittel";"Nägel / Klammern";"1000 Stk";"";"";"0";"0";"";"Holzbau-Shop";"";"11,90";"4,17";"65,0"
"Klammern K90";"K90-40";"K90-40";"Befestigungsmittel";"Nägel / Klammern";"1000 Stk";"";"";"0";"0";"";"Holzbau-Shop";"";"12,48";"4,37";"65,0"
"Klammern K90";"K90-45";"K90-45";"Befestigungsmittel";"Nägel / Klammern";"1000 Stk";"";"";"0";"0";"";"Holzbau-Shop";"";"14,17";"4,96";"65,0"
"Klammern K90 A2 Edelstahl";"K90-A2-38";"K90-A2-38";"Befestigungsmittel";"Nägel / Klammern";"1000 Stk";"";"";"0";"0";"";"Holzbau-Shop";"";"41,34";"14,47";"65,0"
"Klammergerät TJEP 90/40";"K9050B";"K9050B";"Befestigungsmittel";"Nägel / Klammern";"Stk";"";"";"0";"0";"";"Holzbau-Shop";"";"242,74";"194,19";"20,0"
"KOMBINAGLER 90/40, Stifte (BGN) und Klammern (K90)";"K90GN50B";"K90GN50B";"Befestigungsmittel";"Nägel / Klammern";"Stk";"";"";"0";"0";"";"Holzbau-Shop";"";"286,20";"228,96";"20,0"
"Stauchkopfnägel BGN Verzinkt";"BGN-25";"BGN-25";"Befestigungsmittel";"Sonstiges";"1000 Stk";"";"";"0";"0";"";"Holzbau-Shop";"";"7,15";"2,50";"65,0"
"Stauchkopfnägel BGN Verzinkt";"BGN-30";"BGN-30";"Befestigungsmittel";"Sonstiges";"1000 Stk";"";"";"0";"0";"";"Holzbau-Shop";"";"8,63";"3,02";"65,0"
"Stauchkopfnägel BGN Verzinkt";"BGN-32";"BGN-32";"Befestigungsmittel";"Sonstiges";"1000 Stk";"";"";"0";"0";"";"Holzbau-Shop";"";"9,30";"3,25";"65,0"
"Stauchkopfnägel BGN Verzinkt";"BGN-35";"BGN-35";"Befestigungsmittel";"Sonstiges";"1000 Stk";"";"";"0";"0";"";"Holzbau-Shop";"";"10,21";"3,57";"65,0"
"Stauchkopfnägel BGN Verzinkt";"BGN-38";"BGN-38";"Befestigungsmittel";"Sonstiges";"1000 Stk";"";"";"0";"0";"";"Holzbau-Shop";"";"10,87";"3,80";"65,0"
"Stauchkopfnägel BGN Verzinkt";"BGN-40";"BGN-40";"Befestigungsmittel";"Sonstiges";"1000 Stk";"";"";"0";"0";"";"Holzbau-Shop";"";"11,81";"4,13";"65,0"
"Stauchkopfnägel BGN Verzinkt";"BGN-50";"BGN-50";"Befestigungsmittel";"Sonstiges";"1000 Stk";"";"";"0";"0";"";"Holzbau-Shop";"";"14,17";"4,96";"65,0"
"Stauchkopfnägel BGN Rostfrei";"BGN-A2-35MM";"BGN-A2-35MM";"Befestigungsmittel";"Sonstiges";"1000 Stk";"";"";"0";"0";"";"Holzbau-Shop";"";"15,54";"5,44";"65,0"
"Stauchkopfnägel BGN Rostfrei";"BGN-A2-50MM";"BGN-A2-50MM";"Befestigungsmittel";"Sonstiges";"1000 Stk";"";"";"0";"0";"";"Holzbau-Shop";"";"18,72";"6,55";"65,0"
"Klammernagler Wimmer 25 - 50 mm";"KB750W";"KB750W";"Befestigungsmittel";"Nägel / Klammern";"Stk";"";"";"0";"0";"";"Holzbau-Shop";"";"371,00";"296,80";"20,0"
"Klammernagler Wimmer Automatic 25 - 50 mm";"KB750WAUTO";"KB750WAUTO";"Befestigungsmittel";"Nägel / Klammern";"Stk";"";"";"0";"0";"";"Holzbau-Shop";"";"540,60";"432,48";"20,0"
"Klammernagler WIMMER 25-65mm";"KB765B";"KB765B";"Befestigungsmittel";"Nägel / Klammern";"Stk";"";"";"0";"0";"";"Holzbau-Shop";"";"392,20";"313,76";"20,0"
"Klammern KB7 Verzinkt, ETA 18/0879";"KB7-22";"KB7-22";"Befestigungsmittel";"Nägel / Klammern";"1000 Stk";"";"";"0";"0";"";"Holzbau-Shop";"";"10,39";"3,64";"65,0"
"Klammern KB7 Verzinkt, ETA 18/0879";"KB7-25";"KB7-25";"Befestigungsmittel";"Nägel / Klammern";"1000 Stk";"";"";"0";"0";"";"Holzbau-Shop";"";"10,60";"3,71";"65,0"
"Klammern KB7 Verzinkt, ETA 18/0879";"KB7-29";"KB7-29";"Befestigungsmittel";"Nägel / Klammern";"1000 Stk";"";"";"0";"0";"";"Holzbau-Shop";"";"11,66";"4,08";"65,0"
"Klammern KB7 Verzinkt, ETA 18/0879";"KB7-32";"KB7-32";"Befestigungsmittel";"Nägel / Klammern";"1000 Stk";"";"";"0";"0";"";"Holzbau-Shop";"";"12,21";"4,27";"65,0"
"Klammern KB7 Verzinkt, ETA 18/0879";"KB7-35";"KB7-35";"Befestigungsmittel";"Nägel / Klammern";"1000 Stk";"";"";"0";"0";"";"Holzbau-Shop";"";"12,72";"4,45";"65,0"
"Klammern KB7 Verzinkt, ETA 18/0879";"KB7-38";"KB7-38";"Befestigungsmittel";"Nägel / Klammern";"1000 Stk";"";"";"0";"0";"";"Holzbau-Shop";"";"13,78";"4,82";"65,0"
"Klammern KB7 Verzinkt, ETA 18/0879";"KB7-41";"KB7-41";"Befestigungsmittel";"Nägel / Klammern";"1000 Stk";"";"";"0";"0";"";"Holzbau-Shop";"";"14,29";"5,00";"65,0"
"Klammern KB7 Verzinkt, ETA 18/0879";"KB7-44";"KB7-44";"Befestigungsmittel";"Nägel / Klammern";"1000 Stk";"";"";"0";"0";"";"Holzbau-Shop";"";"14,84";"5,19";"65,0"
"Klammern KB7 Verzinkt, ETA 18/0879";"KB7-51";"KB7-51";"Befestigungsmittel";"Nägel / Klammern";"1000 Stk";"";"";"0";"0";"";"Holzbau-Shop";"";"15,90";"5,57";"65,0"
"Klammern KB7 Verzinkt, ETA 18/0879";"KB7-64";"KB7-64";"Befestigungsmittel";"Nägel / Klammern";"1000 Stk";"";"";"0";"0";"";"Holzbau-Shop";"";"20,14";"7,05";"65,0"
"Klammern KB7 Edelstahl A2, ETA 18/0879";"KB7-A2-41";"KB7-A2-41";"Befestigungsmittel";"Nägel / Klammern";"1000 Stk";"";"";"0";"0";"";"Holzbau-Shop";"";"51,94";"18,18";"65,0"
"Klammern KB7 Edelstahl A2, ETA 18/0879";"KB7-A2-51";"KB7-A2-51";"Befestigungsmittel";"Nägel / Klammern";"1000 Stk";"";"";"0";"0";"";"Holzbau-Shop";"";"58,30";"20,41";"65,0"
"Klammern KB7 Edelstahl A2, ETA 18/0879";"KB7-A2-64";"KB7-A2-64";"Befestigungsmittel";"Nägel / Klammern";"1000 Stk";"";"";"0";"0";"";"Holzbau-Shop";"";"68,90";"24,11";"65,0"
"Klammern Vario Tech C/DNKH";"KB7-CD-22";"KB7-CD-22";"Befestigungsmittel";"Nägel / Klammern";"1000 Stk";"";"";"0";"0";"";"Holzbau-Shop";"";"9,54";"3,34";"65,0"
"Klammern //KQ// Verzinkt ETA 08/0879";"KQ-63";"KQ-63";"Befestigungsmittel";"Nägel / Klammern";"1000 Stk";"";"";"0";"0";"";"Holzbau-Shop";"";"25,44";"8,90";"65,0"
"Klammernagler Wimmer";"KQ65B";"KQ65B";"Befestigungsmittel";"Nägel / Klammern";"Stk";"";"";"0";"0";"";"Holzbau-Shop";"";"392,20";"313,76";"20,0"
"Klammern ZK Zaunklammern TJEP Feuerverzinkt 33mm";"ZK-33";"ZK-33";"Befestigungsmittel";"Nägel / Klammern";"1000 Stk";"";"";"0";"0";"";"Holzbau-Shop";"";"169,60";"59,36";"65,0"
"Zaunklammergerät Gas FS-40 GAS";"ZK40AG";"ZK40AG";"Befestigungsmittel";"Nägel / Klammern";"Stk";"";"";"0";"0";"";"Holzbau-Shop";"";"795,00";"636,00";"20,0"
"Breitrückenklammernagler 65 - 130mm";"KBS130C";"KBS130C";"Befestigungsmittel";"Nägel / Klammern";"Stk";"";"";"0";"0";"";"Holzbau-Shop";"";"954,00";"763,20";"20,0"
"Breitrückenklammernagler 65 - 160mm";"KBS160B";"KBS160B";"Befestigungsmittel";"Nägel / Klammern";"Stk";"";"";"0";"0";"";"Holzbau-Shop";"";"1007,00";"805,60";"20,0"
"Klammergerät KB7Q65X 32 - 64 mm";"KB7Q65X";"KB7Q65X";"Befestigungsmittel";"Nägel / Klammern";"Stk";"";"";"0";"0";"";"Holzbau-Shop";"";"444,14";"355,31";"20,0"
"Klammern KBS Edelstahl A2 EN14592:2008";"KBS-A2-100";"KBS-A2-100";"Befestigungsmittel";"Nägel / Klammern";"1000 Stk";"";"";"0";"0";"";"Holzbau-Shop";"";"159,00";"55,65";"65,0"
"Klammern KBS Edelstahl A2 EN14592:2008";"KBS-A2-120";"KBS-A2-120";"Befestigungsmittel";"Nägel / Klammern";"1000 Stk";"";"";"0";"0";"";"Holzbau-Shop";"";"190,80";"66,78";"65,0"
"Klammern KBS Edelstahl A2 EN14592:2008";"KBS-A2-130";"KBS-A2-130";"Befestigungsmittel";"Nägel / Klammern";"1000 Stk";"";"";"0";"0";"";"Holzbau-Shop";"";"222,60";"77,91";"65,0"
"Klammern KBS Edelstahl A2 EN14592:2008";"KBS-A2-150";"KBS-A2-150";"Befestigungsmittel";"Nägel / Klammern";"1000 Stk";"";"";"0";"0";"";"Holzbau-Shop";"";"265,00";"92,75";"65,0"
"Klammern KBS Edelstahl A2 EN14592:2008";"KBS-A2-75";"KBS-A2-75";"Befestigungsmittel";"Nägel / Klammern";"1000 Stk";"";"";"0";"0";"";"Holzbau-Shop";"";"137,80";"48,23";"65,0"
"Kompressor Öl 1 Liter";"00042";"00042";"Werkzeug";"Werkzeug / Ersatzteil";"Stk";"";"";"0";"0";"";"Holzbau-Shop";"";"20,14";"16,11";"20,0"
"Kompressor BeA KV350-15, 230 Volt";"50030";"50030";"Werkzeug";"Werkzeug / Ersatzteil";"Stk";"";"";"0";"0";"";"Holzbau-Shop";"";"943,40";"754,72";"20,0"
"Druckluftzubehörset 5-Teilig";"04001";"04001";"Befestigungsmittel";"Sonstiges";"Stk";"";"";"0";"0";"";"Holzbau-Shop";"";"53,00";"42,40";"20,0"
"Ausblaspistole PVC WT-Kurz Düsenlänge 20 mm";"04007";"04007";"Befestigungsmittel";"Sonstiges";"Stk";"";"";"0";"0";"";"Holzbau-Shop";"";"5,09";"4,07";"20,0"
"Ausblaspistole PVC - Düsenlänge 280 mm";"04009";"04009";"Befestigungsmittel";"Sonstiges";"Stk";"";"";"0";"0";"";"Holzbau-Shop";"";"7,00";"5,60";"20,0"
"Druckluftverteiler 2 Kupplungen, 3/8 "" IG,";"04055";"04055";"Befestigungsmittel";"Sonstiges";"Stk";"";"";"0";"0";"";"Holzbau-Shop";"";"22,26";"17,81";"20,0"
"Sicherheitskupplung 7,2 - 7,4 8 mm";"071808";"071808";"Befestigungsmittel";"Sonstiges";"Stk";"";"";"0";"0";"";"Holzbau-Shop";"";"20,33";"20,33";"0,0"
"Nagleraufhängung Set - 2 Stk./Pkg";"103413";"103413";"Befestigungsmittel";"Sonstiges";"Stk";"";"";"0";"0";"";"Holzbau-Shop";"";"21,09";"21,09";"0,0"
"Ohrklemmen 11 - 13 mm";"1113";"1113";"Befestigungsmittel";"Sonstiges";"Stk";"";"";"0";"0";"";"Holzbau-Shop";"";"1,69";"1,69";"0,0"
"Ohrklemmen 13 - 15 mm";"1315";"1315";"Befestigungsmittel";"Sonstiges";"Stk";"";"";"0";"0";"";"Holzbau-Shop";"";"1,69";"1,69";"0,0"
"Ohrklemmen 15 - 18 mm";"1518";"1518";"Befestigungsmittel";"Sonstiges";"Stk";"";"";"0";"0";"";"Holzbau-Shop";"";"1,69";"1,69";"0,0"
"Druckluft Schlauchtrommel ""DREHBAR"" 30 Meter";"50204";"50204";"Befestigungsmittel";"Sonstiges";"Stk";"";"";"0";"0";"";"Holzbau-Shop";"";"90,10";"72,08";"20,0"
"Druckluft Schlauchtrommel ""Wandmontage"" 15 Meter";"50300";"50300";"Befestigungsmittel";"Sonstiges";"Stk";"";"";"0";"0";"";"Holzbau-Shop";"";"95,40";"76,32";"20,0"
"Druckluft Schlauchtrommel ""AUTOMATIK"" 30 Meter";"50407";"50407";"Befestigungsmittel";"Sonstiges";"Stk";"";"";"0";"0";"";"Holzbau-Shop";"";"159,00";"127,20";"20,0"
"WITEC® - COMPACT Unterdeckbahn UB170-2 | diffusionsoffen | 170 Gramm, 2SK";"19100";"19100";"Material";"Bahnen / Folien";"m2";"";"";"0";"0";"";"Holzbau-Shop";"";"3,22";"1,29";"60,0"
"WITEC® - ULTRA Unterdeckbahn 50m² UB210-2 | 210Gramm 2SK 1Meter Breite!";"19102";"19102";"Material";"Bahnen / Folien";"m2";"";"";"0";"0";"";"Holzbau-Shop";"";"3,78";"1,51";"60,0"
"WITEC® - Nageldichtband 30m x 70mm x 3mm einseitig klebend";"19212";"19212";"Befestigungsmittel";"Nägel / Klammern";"Stk";"19,2";"12";"0";"0";"";"Holzbau-Shop";"";"17,96";"7,18";"60,0"
"WITEC® - ULTRA Unterdeckbahn 75m² UB210-2 | 210Gramm 2SK";"19108";"19108";"Material";"Bahnen / Folien";"m2";"";"";"0";"0";"";"Holzbau-Shop";"";"3,45";"1,38";"60,0"
"WITEC® - ALL WEATHER Unterdeckbahn 360Gramm | erhöhte Regensicherheit | 1,5 x 25m | schweißbar";"19103";"19103";"Material";"Bahnen / Folien";"m2";"";"";"0";"0";"";"Holzbau-Shop";"";"13,36";"5,34";"60,0"
"WITEC® - Quellschweißmittel 1Liter";"19204";"19204";"Befestigungsmittel";"Sonstiges";"Stk";"";"";"0";"0";"";"Holzbau-Shop";"";"58,50";"23,40";"60,0"
"WITEC® - Pinselflasche 0,5 Liter";"19205";"19205";"Befestigungsmittel";"Sonstiges";"Stk";"";"";"0";"0";"";"Holzbau-Shop";"";"47,25";"18,90";"60,0"
"WITEC-Allweather Unlimited Unterdeckbahn 350Gramm, erhöhte Regensicherheit 1,5x25 Meter 2 Klebestreifen";"19105";"19105";"Material";"Bahnen / Folien";"m2";"";"";"0";"0";"";"Holzbau-Shop";"";"11,41";"4,57";"60,0"
"WITEC-Allweather Unlimited Unterdeckbahn 350Gramm, erhöhte Regensicherheit 3,0x25m";"19106";"19106";"Material";"Bahnen / Folien";"m2";"";"";"0";"0";"";"Holzbau-Shop";"";"12,24";"4,90";"60,0"
"WITEC® - ALL WEATHER S Unterdeckbahn | 340Gramm | erhöhte Regensicherheit | 1,5x25m | 2 x Acrylklebestreifen";"19109";"19109";"Material";"Bahnen / Folien";"m2";"";"";"0";"0";"";"Holzbau-Shop";"";"10,63";"4,25";"60,0"
"WITEC® - Fassadenbahn Superwall X I dauerhaft UV-stabil I 200 Gramm I 2 Klebestreifen";"19401";"19401";"Material";"Bahnen / Folien";"m2";"";"";"0";"0";"";"Holzbau-Shop";"";"8,68";"3,47";"60,0"
"WITEC® - Fassadenbahn Superwall X FB200 I dauerhaft UV-stabil I 200 Gramm 3,30 x 50 Meter";"19402";"19402";"Material";"Bahnen / Folien";"m2";"";"";"0";"0";"";"Holzbau-Shop";"";"8,68";"3,47";"60,0"
"WITEC® - Dampfbremse WIVAP20, 135 Gramm";"19300";"19300";"Befestigungsmittel";"Sonstiges";"m2";"";"";"0";"0";"";"Holzbau-Shop";"";"2,62";"1,05";"60,0"
"WITEC® - SEAL Bitumenbahn Dampfsperre selbstklebend";"19110";"19110";"Material";"Bahnen / Folien";"m2";"";"";"0";"0";"";"Holzbau-Shop";"";"21,15";"8,46";"60,0"
"WITEC® - SEAL Bitumenklebeband selbstklebend 666mm Breit (666mm x 15m x 1,0mm)";"19113";"19113";"Material";"Kleber / Bänder";"Stk";"";"";"0";"0";"";"Holzbau-Shop";"";"233,20";"93,28";"60,0"
"Dachdeckerplane, 260 Gramm, 8 x 12 Meter";"19600";"19600";"Material";"Bahnen / Folien";"Stk";"";"";"0";"0";"";"Holzbau-Shop";"";"209,00";"83,60";"60,0"
"Abdeckplane PRO, 180 Gramm, 1,5 x 6 Meter";"19700";"19700";"Material";"Bahnen / Folien";"Stk";"";"";"0";"0";"";"Holzbau-Shop";"";"17,60";"7,04";"60,0"
"Abdeckplane PRO, 180 Gramm, 4 x 5 Meter";"19701";"19701";"Material";"Bahnen / Folien";"Stk";"";"";"0";"0";"";"Holzbau-Shop";"";"34,10";"13,64";"60,0"
"Abdeckplane PRO, 180 Gramm, 6 x 10 Meter";"19702";"19702";"Material";"Bahnen / Folien";"Stk";"";"";"0";"0";"";"Holzbau-Shop";"";"82,50";"33,00";"60,0"
"Abdeckplane PRO, 180 Gramm, 10 x 12 Meter";"19703";"19703";"Material";"Bahnen / Folien";"Stk";"";"";"0";"0";"";"Holzbau-Shop";"";"150,00";"60,00";"60,0"
"Cellulosedämmung Climacell";"22104";"22104";"Material";"Bahnen / Folien";"kg";"";"";"0";"0";"";"Holzbau-Shop";"";"3,71";"1,48";"60,0"
"WITEC PROTECTOR Bauzeitabdichtung Selbstklebend";"19130";"19130";"Material";"Kleber / Bänder";"m2";"";"";"0";"0";"";"Holzbau-Shop";"";"13,36";"5,34";"60,0"
"FULLCONTACT® FC60 Luftdicht Klebeband für Innen und Aussen";"19201";"19201";"Material";"Kleber / Bänder";"Stk";"";"";"0";"0";"";"Holzbau-Shop";"";"21,15";"8,46";"60,0"
"FULLCONTACT® FC200 Luftdicht Klebeband für Innen und Aussen";"19203";"19203";"Material";"Kleber / Bänder";"Stk";"";"";"0";"0";"";"Holzbau-Shop";"";"90,56";"36,23";"60,0"
"WITEC® - FULLCONTACT OUTDOOR 60mm Breit";"19209";"19209";"Material";"Kleber / Bänder";"Stk";"";"";"0";"0";"";"Holzbau-Shop";"";"26,71";"10,68";"60,0"
"FULLCONTACT OUTDOOR 60mm x 25m x 3mm Schwarz, einseitig klebend geteilter Liner 20/40mm";"19216";"19216";"Material";"Kleber / Bänder";"Stk";"";"";"0";"0";"";"Holzbau-Shop";"";"35,62";"14,25";"60,0"
"FULLCONTACT® SPEED ohne Liner Luftdicht Klebeband für Innen und Aussen";"19217";"19217";"Material";"Kleber / Bänder";"Stk";"";"";"0";"0";"";"Holzbau-Shop";"";"62,21";"24,89";"60,0"
"WITEC Dichtpflaster 200mm Vorperforiert";"19233";"19233";"Material";"Kleber / Bänder";"Stk";"";"";"0";"0";"";"Holzbau-Shop";"";"192,65";"77,06";"60,0"
"Kompriband BG2 20/5-9 mm 5 Lfm/Rolle einseitig-klebend";"413011";"413011";"Befestigungsmittel";"Sonstiges";"stk";"";"";"0";"0";"";"Holzbau-Shop";"";"28,94";"11,58";"60,0"
"Kompriband BG2 10 / 2-3mm einseitig-klebend 25 Meter/Rolle; 11 Rollen im Karton";"413030";"413030";"Befestigungsmittel";"Sonstiges";"Stk";"";"";"0";"0";"";"Holzbau-Shop";"";"20,03";"8,01";"60,0"
"Fullcontact Dicht Kleber Flex, Innen- und Außen";"19207";"19207";"Material";"Kleber / Bänder";"Stk";"";"";"0";"0";"";"Holzbau-Shop";"";"12,24";"4,90";"60,0"
"WITEC® - FULLCONTACT Sprühprimer";"19222";"19222";"Material";"Kleber / Bänder";"Stk";"";"";"0";"0";"";"Holzbau-Shop";"";"27,82";"11,13";"60,0"
"WITEC FULLCONTACT KLEBT UND DICHTET";"19224";"19224";"Material";"Kleber / Bänder";"Stk";"";"";"0";"0";"";"Holzbau-Shop";"";"19,20";"7,68";"60,0"
"Silikon N-Basic - transparent";"70142";"70142";"Befestigungsmittel";"Sonstiges";"Stk";"";"";"0";"0";"";"Holzbau-Shop";"";"13,89";"5,56";"60,0"
"Acryl D weiß";"70144";"70144";"Befestigungsmittel";"Sonstiges";"Stk";"";"";"0";"0";"";"Holzbau-Shop";"";"9,46";"3,78";"60,0"
"WITEC® - PU Weichzellpistolenschaum 750ml";"70115";"70115";"Befestigungsmittel";"Sonstiges";"Stk";"";"";"0";"0";"";"Holzbau-Shop";"";"25,60";"10,24";"60,0"
"WITEC® - PU Pistolenschaum 750ml";"70119";"70119";"Befestigungsmittel";"Sonstiges";"Stk";"";"";"0";"0";"";"Holzbau-Shop";"";"10,91";"4,36";"60,0"
"PU Schaumreiniger";"70120";"70120";"Befestigungsmittel";"Sonstiges";"Stk";"";"";"0";"0";"";"Holzbau-Shop";"";"16,70";"6,68";"60,0"
"Auspresspistole Profi MIT-PP";"70014";"70014";"Befestigungsmittel";"Sonstiges";"Stk";"";"";"0";"0";"";"Holzbau-Shop";"";"15,90";"10,34";"35,0"
"Kartuschenpresse 310ML für Akkuschrauber";"70015";"70015";"Befestigungsmittel";"Sonstiges";"Stk";"7";"15";"0";"0";"";"Holzbau-Shop";"";"84,80";"55,12";"35,0"
"2K Schaum, 2-Komponenten-PU-Schaum 440ml";"70118";"70118";"Befestigungsmittel";"Sonstiges";"Stk";"";"";"0";"0";"";"Holzbau-Shop";"";"20,03";"8,01";"60,0"
"Schaumpistole Eco Plus";"70121";"70121";"Befestigungsmittel";"Sonstiges";"Stk";"";"";"0";"0";"";"Holzbau-Shop";"";"14,84";"9,65";"35,0"
"Zinkspray";"70146";"70146";"Befestigungsmittel";"Sonstiges";"Stk";"";"";"0";"0";"";"Holzbau-Shop";"";"22,26";"8,90";"60,0"
"WIBIT Torx 10";"40010";"40010";"Befestigungsmittel";"Sonstiges";"Stk";"";"";"0";"0";"";"Holzbau-Shop";"";"0,64";"0,42";"35,0"
"WIBIT Torx 15";"40015";"40015";"Befestigungsmittel";"Sonstiges";"Stk";"";"";"0";"0";"";"Holzbau-Shop";"";"0,64";"0,42";"35,0"
"WIBIT Torx 20";"40020";"40020";"Befestigungsmittel";"Sonstiges";"Stk";"";"";"0";"0";"";"Holzbau-Shop";"";"0,64";"0,42";"35,0"
"WIBIT Torx 40";"40021";"40021";"Befestigungsmittel";"Sonstiges";"Stk";"";"";"0";"0";"";"Holzbau-Shop";"";"0,64";"0,42";"35,0"
"WIBIT Torx 30";"40022";"40022";"Befestigungsmittel";"Sonstiges";"Stk";"";"";"0";"0";"";"Holzbau-Shop";"";"0,64";"0,42";"35,0"
"WIBIT Torx 25";"40023";"40023";"Befestigungsmittel";"Sonstiges";"Stk";"";"";"0";"0";"";"Holzbau-Shop";"";"0,64";"0,42";"35,0"
"WIBIT Torx 50";"40025";"40025";"Befestigungsmittel";"Sonstiges";"Stk";"";"";"0";"0";"";"Holzbau-Shop";"";"0,64";"0,42";"35,0"
"WIBIT - Bithalter Autolock 75 mm";"40084";"40084";"Befestigungsmittel";"Sonstiges";"Stk";"";"";"0";"0";"";"Holzbau-Shop";"";"10,60";"6,89";"35,0"
"WIBIT - Bithalter Bitadapter Autolock 1/2"" -- 1/4"" 50 mm";"40085";"40085";"Befestigungsmittel";"Sonstiges";"Stk";"";"";"0";"0";"";"Holzbau-Shop";"";"12,72";"8,27";"35,0"
"WIBIT - Bithalter Magnetisch";"40099";"40099";"Befestigungsmittel";"Sonstiges";"Stk";"";"";"0";"0";"";"Holzbau-Shop";"";"3,18";"2,07";"35,0"
"WIBIT BITDRILLBOX 39 teilig Torx 20, Torx 25, Torx30, Torx40 + Bohrer";"40609";"40609";"Befestigungsmittel";"Sonstiges";"Stk";"";"";"0";"0";"";"Holzbau-Shop";"";"62,54";"40,65";"35,0"
"Schlagschrauber Bitadapter 1/2"" auf TX30";"40333";"40333";"Befestigungsmittel";"Sonstiges";"Stk";"4";"333";"0";"0";"";"Holzbau-Shop";"";"7,42";"4,82";"35,0"
"Schlagschrauber Bitadapter 1/2"" auf TX40";"40444";"40444";"Befestigungsmittel";"Sonstiges";"Stk";"4";"444";"0";"0";"";"Holzbau-Shop";"";"7,42";"4,82";"35,0"
"Schlagnussensatz 1/2"" Antrieb, Länge 78 mm, 14 teilig SW 10 - 32";"40445";"40445";"Befestigungsmittel";"Sonstiges";"Stk";"";"";"0";"0";"";"Holzbau-Shop";"";"95,40";"62,01";"35,0"
"Schlag Stecknuss Verlängerung 1/2"" 125 mm";"40446";"40446";"Befestigungsmittel";"Sonstiges";"Stk";"";"";"0";"0";"";"Holzbau-Shop";"";"14,84";"9,65";"35,0"
"Schlag Stecknuss Adapter 3/4"" auf 1/2""";"40447";"40447";"Befestigungsmittel";"Sonstiges";"Stk";"";"";"0";"0";"";"Holzbau-Shop";"";"15,90";"10,34";"35,0"
"Schlag Stecknuss Adapter 1/2"" auf 3/4""";"40448";"40448";"Befestigungsmittel";"Sonstiges";"Stk";"";"";"0";"0";"";"Holzbau-Shop";"";"15,90";"10,34";"35,0"
"Schlagschrauber Bitadapter 1/2"" auf TX50";"40555";"40555";"Befestigungsmittel";"Sonstiges";"Stk";"4";"555";"0";"0";"";"Holzbau-Shop";"";"7,42";"4,82";"35,0"
"Spiralbohrerkassette HSS, Ø 1 - 13 mm, 25-teilig";"00210";"00210";"Befestigungsmittel";"Sonstiges";"Stk";"";"";"0";"0";"";"Holzbau-Shop";"";"47,70";"31,01";"35,0"
"Turbo Durchbruchbohrer 122 x 152 mm";"91211";"91211";"Befestigungsmittel";"Sonstiges";"Stk";"";"";"0";"0";"";"Holzbau-Shop";"";"244,62";"159,00";"35,0"
"Adapter zu Turbo Durchbruchbohrer für 121 x 200mm";"91221";"91221";"Befestigungsmittel";"Sonstiges";"Stk";"";"";"0";"0";"";"Holzbau-Shop";"";"6,36";"4,13";"35,0"
"Turbo Durchbruchbohrer Zentrierbohrer 10x330mm für 122x152mm";"91222";"91222";"Befestigungsmittel";"Sonstiges";"Stk";"";"";"0";"0";"";"Holzbau-Shop";"";"65,23";"42,40";"35,0"
"Schalungsbohrer Gehärtet 3 Kantschaft L= 460mm";"00032-120460";"00032-120460";"Befestigungsmittel";"Sonstiges";"Stk";"";"";"0";"0";"";"Holzbau-Shop";"";"21,20";"13,78";"35,0"
"Schalungsbohrer Gehärtet 3 Kantschaft L= 460mm";"00032-160460";"00032-160460";"Befestigungsmittel";"Sonstiges";"Stk";"";"";"0";"0";"";"Holzbau-Shop";"";"26,50";"17,23";"35,0"
"Schalungsbohrer Gehärtet 3 Kantschaft L= 460mm";"00032-200460";"00032-200460";"Befestigungsmittel";"Sonstiges";"Stk";"";"";"0";"0";"";"Holzbau-Shop";"";"31,80";"20,67";"35,0"
"Hammerbohrer SDS-Plus HM X4 Schneider";"00034-100260";"00034-100260";"Befestigungsmittel";"Sonstiges";"Stk";"";"";"0";"0";"";"Holzbau-Shop";"";"4,24";"2,76";"35,0"
"Hammerbohrer SDS-Plus HM X4 Schneider";"00034-100350";"00034-100350";"Befestigungsmittel";"Sonstiges";"Stk";"";"";"0";"0";"";"Holzbau-Shop";"";"5,30";"3,45";"35,0"
"Hammerbohrer SDS-Plus HM X4 Schneider";"00034-120350";"00034-120350";"Befestigungsmittel";"Sonstiges";"Stk";"";"";"0";"0";"";"Holzbau-Shop";"";"8,48";"5,51";"35,0"
"Hammerbohrer SDS-Plus HM X4 Schneider";"00034-160460";"00034-160460";"Befestigungsmittel";"Sonstiges";"Stk";"";"";"0";"0";"";"Holzbau-Shop";"";"12,72";"8,27";"35,0"
"Hammerbohrer SDS-Plus HM X4 Schneider";"00034-180460";"00034-180460";"Befestigungsmittel";"Sonstiges";"Stk";"";"";"0";"0";"";"Holzbau-Shop";"";"13,78";"8,96";"35,0"
"Hammerbohrer SDS-Plus HM X4 Schneider";"00034-220460";"00034-220460";"Befestigungsmittel";"Sonstiges";"Stk";"";"";"0";"0";"";"Holzbau-Shop";"";"18,02";"11,71";"35,0"
"Hammerbohrer SDS-Plus HM X4 Schneider";"00034-60260";"00034-60260";"Befestigungsmittel";"Sonstiges";"Stk";"";"";"0";"0";"";"Holzbau-Shop";"";"2,64";"1,72";"35,0"
"Hammerbohrer SDS-Plus HM X4 Schneider";"00034-65260";"00034-65260";"Befestigungsmittel";"Sonstiges";"Stk";"";"";"0";"0";"";"Holzbau-Shop";"";"2,64";"1,72";"35,0"
"Hammerbohrer SDS-Plus HM X4 Schneider";"00034-80260";"00034-80260";"Befestigungsmittel";"Sonstiges";"Stk";"";"";"0";"0";"";"Holzbau-Shop";"";"3,72";"2,42";"35,0"
"HM Hammerbohrer BETON SDS-Max Vierschneider 4X";"00035-160540";"00035-160540";"Befestigungsmittel";"Sonstiges";"Stk";"";"";"0";"0";"";"Holzbau-Shop";"";"20,14";"13,09";"35,0"
"HM Hammerbohrer BETON SDS-Max Vierschneider 4X";"00035-260540";"00035-260540";"Befestigungsmittel";"Sonstiges";"Stk";"";"";"0";"0";"";"Holzbau-Shop";"";"23,32";"15,16";"35,0"
"HM Hammerbohrer BETON SDS-Max Vierschneider 4X";"00035-280540";"00035-280540";"Befestigungsmittel";"Sonstiges";"Stk";"";"";"0";"0";"";"Holzbau-Shop";"";"25,44";"16,54";"35,0"
"Spitzmeißel SDS-Plus, 250 mm Lang";"00157";"00157";"Befestigungsmittel";"Sonstiges";"Stk";"";"";"0";"0";"";"Holzbau-Shop";"";"5,30";"3,45";"35,0"
"Flachmeißel SDS-Plus, 20 mm Breit, 250 mm Lang";"00158";"00158";"Befestigungsmittel";"Sonstiges";"Stk";"";"";"0";"0";"";"Holzbau-Shop";"";"5,30";"3,45";"35,0"
"Breitmeißel SDS-Plus, 50 mm Breit, 250 mm Lang";"00159";"00159";"Befestigungsmittel";"Sonstiges";"Stk";"";"";"0";"0";"";"Holzbau-Shop";"";"7,42";"4,82";"35,0"
"Flachmeißel SDS-Max, 25 mm Breit, 400 mm Lang";"00230-400";"00230-400";"Befestigungsmittel";"Sonstiges";"Stk";"";"";"0";"0";"";"Holzbau-Shop";"";"12,72";"8,27";"35,0"
"Breitmeißel SDS-Max, 50 mm Breit, 400 mm Lang";"00234-400";"00234-400";"Befestigungsmittel";"Sonstiges";"Stk";"";"";"0";"0";"";"Holzbau-Shop";"";"15,90";"10,34";"35,0"
"Spitzmeißel SDS-Max, 400 mm Lang";"00236-400";"00236-400";"Befestigungsmittel";"Sonstiges";"Stk";"";"";"0";"0";"";"Holzbau-Shop";"";"11,66";"7,58";"35,0"
"Turbo Holzbohrkrone WIMMER";"00245-68";"00245-68";"Befestigungsmittel";"Sonstiges";"Stk";"";"";"0";"0";"";"Holzbau-Shop";"";"104,94";"68,21";"35,0"
"Forstnerbohrer in Kassette 5 teilig, 15-35mm";"00423";"00423";"Befestigungsmittel";"Sonstiges";"Stk";"";"";"0";"0";"";"Holzbau-Shop";"";"41,34";"26,87";"35,0"
"Aufstecksenker-Satz 5 tlg 3 - 4 - 5 - 6 mm";"13232";"13232";"Befestigungsmittel";"Sonstiges";"Stk";"";"";"0";"0";"";"Holzbau-Shop";"";"51,94";"33,76";"35,0"
"Schlangenbohrer";"00033-140460";"00033-140460";"Befestigungsmittel";"Sonstiges";"Stk";"";"";"0";"0";"";"Holzbau-Shop";"";"12,72";"8,27";"35,0"
"Schlangenbohrer";"00033-160460";"00033-160460";"Befestigungsmittel";"Sonstiges";"Stk";"";"";"0";"0";"";"Holzbau-Shop";"";"14,84";"9,65";"35,0"
"Schlangenbohrer";"00033-180460";"00033-180460";"Befestigungsmittel";"Sonstiges";"Stk";"";"";"0";"0";"";"Holzbau-Shop";"";"20,14";"13,09";"35,0"
"Schlangenbohrer";"00033-200650";"00033-200650";"Befestigungsmittel";"Sonstiges";"Stk";"";"";"0";"0";"";"Holzbau-Shop";"";"28,62";"18,60";"35,0"
"Schlangenbohrer";"00033-220650";"00033-220650";"Befestigungsmittel";"Sonstiges";"Stk";"";"";"0";"0";"";"Holzbau-Shop";"";"29,68";"19,29";"35,0"
"Schlangenbohrer";"00033-240235";"00033-240235";"Befestigungsmittel";"Sonstiges";"Stk";"";"";"0";"0";"";"Holzbau-Shop";"";"13,78";"8,96";"35,0"
"Schlangenbohrer";"00033-240650";"00033-240650";"Befestigungsmittel";"Sonstiges";"Stk";"";"";"0";"0";"";"Holzbau-Shop";"";"33,92";"22,05";"35,0"
"Schlangenbohrer";"00033-280650";"00033-280650";"Befestigungsmittel";"Sonstiges";"Stk";"";"";"0";"0";"";"Holzbau-Shop";"";"53,00";"34,45";"35,0"
"Schlangenbohrer";"00033-300650";"00033-300650";"Befestigungsmittel";"Sonstiges";"Stk";"";"";"0";"0";"";"Holzbau-Shop";"";"61,48";"39,96";"35,0"
"Schlangenbohrer";"00033-320650";"00033-320650";"Befestigungsmittel";"Sonstiges";"Stk";"";"";"0";"0";"";"Holzbau-Shop";"";"63,60";"41,34";"35,0"
"Schlangenbohrer";"00033-350650";"00033-350650";"Befestigungsmittel";"Sonstiges";"Stk";"";"";"0";"0";"";"Holzbau-Shop";"";"74,20";"48,23";"35,0"
"Schlangenbohrer";"00033-60235";"00033-60235";"Befestigungsmittel";"Sonstiges";"Stk";"";"";"0";"0";"";"Holzbau-Shop";"";"6,36";"4,13";"35,0"
"Schlangenbohrer";"00033-80235";"00033-80235";"Befestigungsmittel";"Sonstiges";"Stk";"";"";"0";"0";"";"Holzbau-Shop";"";"7,42";"4,82";"35,0"
"Schlangenbohrer Kassette 7-teilig 460mm 12-14-16-18-20-22-24mm";"00203-460";"00203-460";"Befestigungsmittel";"Sonstiges";"Stk";"";"";"0";"0";"";"Holzbau-Shop";"";"95,40";"62,01";"35,0"
"Schlangenbohrer Kassette 7-teilig 650mm 12-14-16-18-20-22-24mm";"00204-650";"00204-650";"Befestigungsmittel";"Sonstiges";"Stk";"";"";"0";"0";"";"Holzbau-Shop";"";"159,00";"103,35";"35,0"
"Schlangenbohrer Kassette 6-teilig 460mm 10-12-14-16-18-20mm";"00205-460";"00205-460";"Befestigungsmittel";"Sonstiges";"Stk";"";"";"0";"0";"";"Holzbau-Shop";"";"74,20";"48,23";"35,0"
"Schlangenbohrer Kassette 6 teilig 650mm 10-12-14-16-18-20mm";"00206-650";"00206-650";"Befestigungsmittel";"Sonstiges";"Stk";"";"";"0";"0";"";"Holzbau-Shop";"";"116,60";"75,79";"35,0"
"Paneelsäge Dewalt DWS780";"10279";"10279";"Befestigungsmittel";"Sonstiges";"Stk";"";"";"0";"0";"";"Holzbau-Shop";"";"999,00";"999,00";"0,0"
"Untergestell DE7023 DeWalt Universal zu DWS780";"10998";"10998";"Befestigungsmittel";"Sonstiges";"Stk";"";"";"0";"0";"";"Holzbau-Shop";"";"169,00";"169,00";"0,0"
"Kapp- und Gehrungssäge 305 - Laserführung, HM Sägeblatt 305 mm";"11661";"11661";"Befestigungsmittel";"Sonstiges";"Stk";"";"";"0";"0";"";"Holzbau-Shop";"";"299,00";"299,00";"0,0"
"Kreissägeblatt HM Holz 305 x 3,2 x 30 mm / Z 60";"12824";"12824";"Befestigungsmittel";"Sonstiges";"Stk";"";"";"0";"0";"";"Holzbau-Shop";"";"53,00";"34,45";"35,0"
"HM Kreissägeblatt Metall, Alu und Bleche 305 x 3,2 x 30 mm / Z 80 zu Kappsägen";"12825";"12825";"Befestigungsmittel";"Sonstiges";"Stk";"";"";"0";"0";"";"Holzbau-Shop";"";"63,60";"41,34";"35,0"
"ALU Adapterplatte zu Milwaukee M18BLCS66 - NEU";"90088";"90088";"Werkzeug";"Werkzeug / Ersatzteil";"Stk";"";"";"0";"0";"";"Holzbau-Shop";"";"74,20";"74,20";"0,0"
"WIRAIL Führungsschiene F1600";"F1600";"F1600";"Befestigungsmittel";"Sonstiges";"Stk";"";"";"0";"0";"";"Holzbau-Shop";"";"104,94";"68,21";"35,0"
"Führungsschienen Verbindung, 4er-Set zu WIRAIL Führungsschiene F1600";"VSF1600";"VSF1600";"Befestigungsmittel";"Sonstiges";"Stk";"";"";"0";"0";"";"Holzbau-Shop";"";"44,52";"44,52";"0,0"
"Handkreissäge Makita 5143R";"10400";"10400";"Befestigungsmittel";"Sonstiges";"Stk";"";"";"0";"0";"";"Holzbau-Shop";"";"887,46";"887,46";"0,0"
"Ladegerät Milwaukee M12-18FC RAPID Charge";"4932451079";"4932451079";"Werkzeug";"Werkzeug / Ersatzteil";"Stk";"";"";"0";"0";"";"Holzbau-Shop";"";"119,00";"101,15";"15,0"
"Milwaukee Akkupack M18HB12 Achtung";"4932464260";"4932464260";"Werkzeug";"Werkzeug / Ersatzteil";"Stk";"";"";"0";"0";"";"Holzbau-Shop";"";"304,00";"258,40";"15,0"
"Milwaukee Akku-Handkreissäge M18BLCS66-0X";"4933464589";"4933464589";"Werkzeug";"Werkzeug / Ersatzteil";"Stk";"";"";"0";"0";"";"Holzbau-Shop";"";"329,00";"279,65";"15,0"
"Milwaukee Akku Kettensäge M18FCHS-0";"4933464723";"4933464723";"Werkzeug";"Werkzeug / Ersatzteil";"Stk";"";"";"0";"0";"";"Holzbau-Shop";"";"489,00";"415,65";"15,0"
"Kreissägeblatt HM Holz 165 x 1,6 x 20 mm / Z 48 zu M18FPS55";"11886";"11886";"Befestigungsmittel";"Sonstiges";"Stk";"";"";"0";"0";"";"Holzbau-Shop";"";"33,92";"22,05";"35,0"
"Kreissägeblatt HM Holz 165 x 1,6 x 20 mm / Z 24 zu M18FPS55";"11887";"11887";"Befestigungsmittel";"Sonstiges";"Stk";"";"";"0";"0";"";"Holzbau-Shop";"";"30,74";"19,98";"35,0"
"Kreissägeblatt HM Holz 160 x 2,2 x 20 mm / Z 28";"11889";"11889";"Befestigungsmittel";"Sonstiges";"Stk";"";"";"0";"0";"";"Holzbau-Shop";"";"30,74";"19,98";"35,0"
"Kreissägeblatt HM Holz 160 x 2,2 x 20 mm / Z 12";"11929";"11929";"Befestigungsmittel";"Sonstiges";"Stk";"";"";"0";"0";"";"Holzbau-Shop";"";"30,74";"19,98";"35,0"
"Kreissägeblatt HM Holz 160 x 2,2 x 20 mm / Z 48";"11931";"11931";"Befestigungsmittel";"Sonstiges";"Stk";"";"";"0";"0";"";"Holzbau-Shop";"";"33,92";"22,05";"35,0"
"Diamantsägeblatt Spezial für Zement gebundene Werkstoffe 160 x 2,4/3,0 x 20 mm / Z4";"12582";"12582";"Befestigungsmittel";"Sonstiges";"Stk";"";"";"0";"0";"";"Holzbau-Shop";"";"95,40";"62,01";"35,0"
"Diamantsägeblatt Spezial für Zement gebundene Werkstoffe 190 x 2,6/1,8 x 30 mm / Z4";"12583";"12583";"Befestigungsmittel";"Sonstiges";"Stk";"";"";"0";"0";"";"Holzbau-Shop";"";"100,70";"65,46";"35,0"
"Kreissägeblatt HM Holz 190 x 1,6 x 30 / Z 24 zu allen Milwaukee Akkukreissägen mit 66 mm Schnitttiefe";"13038";"13038";"Werkzeug";"Werkzeug / Ersatzteil";"Stk";"";"";"0";"0";"";"Holzbau-Shop";"";"33,92";"22,05";"35,0"
"HM Kreissägeblatt für Metall 190 x 2,6 x 30 / 60 Zähne - zu Akku Handkreissägen";"13041";"13041";"Befestigungsmittel";"Sonstiges";"Stk";"";"";"0";"0";"";"Holzbau-Shop";"";"47,70";"31,01";"35,0"
"Winkelvorsatz Winkelgetriebe Pro-75";"13568";"13568";"Befestigungsmittel";"Verbinder / Winkel";"Stk";"";"";"0";"0";"";"Holzbau-Shop";"";"30,74";"19,98";"35,0"
"Spezial Kreissägeblatt HM Holz 355 x 3,2 x 30 mm / Z 24 Holz zu Makita 5143R";"14009";"14009";"Befestigungsmittel";"Sonstiges";"Stk";"";"";"0";"0";"";"Holzbau-Shop";"";"62,54";"40,65";"35,0"
"Spezial Kreissägeblatt HM für Sandwichpaneele 355 x 3,2 x 30 mm / 90 Zähne zu Makita 5143R";"14010";"14010";"Befestigungsmittel";"Sonstiges";"Stk";"";"";"0";"0";"";"Holzbau-Shop";"";"94,34";"61,32";"35,0"
"Spezial Kreissägeblatt HM für Sandwichpaneele 415 x 2,3 x 30 / 80 Zähne zu Makita 415MM XGT";"14011";"14011";"Befestigungsmittel";"Sonstiges";"Stk";"";"";"0";"0";"";"Holzbau-Shop";"";"127,20";"82,68";"35,0"
"Handbandsägeblätter 1752 x 6 x 0,65 mm passend zu Mafell";"10107";"10107";"Werkzeug";"Werkzeug / Ersatzteil";"Stk";"";"";"0";"0";"";"Holzbau-Shop";"";"20,14";"13,09";"35,0"
"Handbandsägeblätter 1752 x 8 x 0,65mm passend zu Mafell";"10108";"10108";"Werkzeug";"Werkzeug / Ersatzteil";"Stk";"";"";"0";"0";"";"Holzbau-Shop";"";"20,14";"13,09";"35,0"
"Handbandsägeblätter 1710 x 6 x 0,65 mm passend zu HOLZHER";"10110";"10110";"Befestigungsmittel";"Sonstiges";"Stk";"";"";"0";"0";"";"Holzbau-Shop";"";"22,26";"14,47";"35,0"
"Handbandsägeblätter 1710 x 8 x 0,65 mm passend zu HOLZHER";"10111";"10111";"Befestigungsmittel";"Sonstiges";"Stk";"";"";"0";"0";"";"Holzbau-Shop";"";"22,26";"14,47";"35,0"
"Handbandsägeblätter 1710 x 10 x 0,65 mm passend zu HOLZHER";"10112";"10112";"Befestigungsmittel";"Sonstiges";"Stk";"";"";"0";"0";"";"Holzbau-Shop";"";"22,26";"14,47";"35,0"
"Handbandsägeblätter 1710 x 16 x 0,65 mm passend zu HOLZHER";"10114";"10114";"Befestigungsmittel";"Sonstiges";"Stk";"";"";"0";"0";"";"Holzbau-Shop";"";"22,26";"14,47";"35,0"
"Handbandsägeblätter 1752 x 10 x 0,65 mm passend zu Mafell";"10115";"10115";"Werkzeug";"Werkzeug / Ersatzteil";"Stk";"";"";"0";"0";"";"Holzbau-Shop";"";"22,26";"14,47";"35,0"
"Handbandsäge Mafell Z5Ec";"925301";"925301";"Werkzeug";"Werkzeug / Ersatzteil";"Stk";"";"";"0";"0";"";"Holzbau-Shop";"";"5459,00";"5459,00";"0,0"
"Sägeblatt Precision 34 x 40 mm zu Multitool";"10121";"10121";"Befestigungsmittel";"Sonstiges";"Stk";"";"";"0";"0";"";"Holzbau-Shop";"";"16,96";"11,02";"35,0"
"Stichsägeblatt-Set T144D 5 tlg.";"10131";"10131";"Befestigungsmittel";"Sonstiges";"Stk";"";"";"0";"0";"";"Holzbau-Shop";"";"4,76";"3,09";"35,0"
"Stichsägeblatt Set 30 tlg.";"10132";"10132";"Befestigungsmittel";"Sonstiges";"Stk";"";"";"0";"0";"";"Holzbau-Shop";"";"26,50";"17,23";"35,0"
"Stichsägeblatt Set Extralang 180mm T744D 5 tlg.";"10133";"10133";"Befestigungsmittel";"Sonstiges";"Stk";"";"";"0";"0";"";"Holzbau-Shop";"";"18,02";"11,71";"35,0"
"Multitool-Sägeblätter-Set, 4 Stück, passend zu Milwaukee & Fein Multitool";"10140";"10140";"Werkzeug";"Werkzeug / Ersatzteil";"Stk";"";"";"0";"0";"";"Holzbau-Shop";"";"31,80";"20,67";"35,0"
"Säbelsägeblatt Holz Baumschnitt 5 Stk. S1532L";"10150";"10150";"Befestigungsmittel";"Sonstiges";"Stk";"";"";"0";"0";"";"Holzbau-Shop";"";"23,32";"15,16";"35,0"
"Säbelsägeblatt Set 14 tlg.";"10151";"10151";"Befestigungsmittel";"Sonstiges";"Stk";"";"";"0";"0";"";"Holzbau-Shop";"";"41,34";"26,87";"35,0"
"Säbelsägeblatt Hartmetall für Holz mit Nägeln 3 Stk. Carbide Teeth";"10152";"10152";"Befestigungsmittel";"Sonstiges";"Stk";"";"";"0";"0";"";"Holzbau-Shop";"";"62,54";"40,65";"35,0"
"Säbelsägeblatt Metall Rescue 3 Stk. Carbide teeth";"10153";"10153";"Befestigungsmittel";"Sonstiges";"Stk";"";"";"0";"0";"";"Holzbau-Shop";"";"62,54";"40,65";"35,0"
"Milwaukee Stichsägeblätter 75mm T144D";"4932430461";"4932430461";"Werkzeug";"Werkzeug / Ersatzteil";"Stk";"";"";"0";"0";"";"Holzbau-Shop";"";"1,29";"1,29";"0,0"
"Dämmstoffmesser Wimmer Edelstahl";"80108";"80108";"Befestigungsmittel";"Sonstiges";"Stk";"";"";"0";"0";"";"Holzbau-Shop";"";"26,50";"17,23";"35,0"
"Akkuradio WIRADIO Jobsite kompatibel mit Milwaukee M18 Akkupack";"10900";"10900";"Werkzeug";"Werkzeug / Ersatzteil";"Stk";"";"";"0";"0";"";"Holzbau-Shop";"";"119,00";"119,00";"0,0"
"Adapter Akkuradio Wimmer Jobsite kompatibel mit MAKITA 18Volt";"10901";"10901";"Befestigungsmittel";"Sonstiges";"Stk";"";"";"0";"0";"";"Holzbau-Shop";"";"19,00";"19,00";"0,0"
"Adapter Akkuradio Wimmer Jobsite kompatibel mit DEWALT 18Volt";"10902";"10902";"Befestigungsmittel";"Sonstiges";"Stk";"";"";"0";"0";"";"Holzbau-Shop";"";"19,00";"19,00";"0,0"
"Adapter Akkuradio Wimmer Jobsite kompatibel mit BOSCH 18Volt";"10903";"10903";"Befestigungsmittel";"Sonstiges";"Stk";"";"";"0";"0";"";"Holzbau-Shop";"";"19,00";"19,00";"0,0"
"Kurbelstativ mit 3-Wege-Kopf 165cm Höhe";"80593";"80593";"Befestigungsmittel";"Sonstiges";"Stk";"";"";"0";"0";"";"Holzbau-Shop";"";"79,50";"51,67";"35,0"
"Laser Entfernungsmessgerät; Entfernungsmesser bis zu 60m/±2mm";"80600";"80600";"Befestigungsmittel";"Sonstiges";"Stk";"";"";"0";"0";"";"Holzbau-Shop";"";"79,00";"79,00";"0,0"
"Empfänger WI-L50 zu Akku Kreuzlinienlaser Milwaukee M12 3PL";"80601";"80601";"Werkzeug";"Werkzeug / Ersatzteil";"Stk";"";"";"0";"0";"";"Holzbau-Shop";"";"109,00";"109,00";"0,0"
"Sägeketten Rundfeile";"10517-4,0";"10517-4,0";"Befestigungsmittel";"Sonstiges";"Stk";"";"";"0";"0";"";"Holzbau-Shop";"";"1,60";"1,04";"35,0"
"Sägeketten Rundfeile";"10517-4,8";"10517-4,8";"Befestigungsmittel";"Sonstiges";"Stk";"";"";"0";"0";"";"Holzbau-Shop";"";"1,60";"1,04";"35,0"
"Sägeketten Rundfeile";"10517-5,5";"10517-5,5";"Befestigungsmittel";"Sonstiges";"Stk";"";"";"0";"0";"";"Holzbau-Shop";"";"1,60";"1,04";"35,0"
"Kettensägenschwert 350 mm, 14"", 3.8""P, 1,3mm passend zu Stihl und Milwaukee Kettensägen";"10750";"10750";"Werkzeug";"Werkzeug / Ersatzteil";"Stk";"";"";"0";"0";"";"Holzbau-Shop";"";"38,16";"24,80";"35,0"
"Kettensägenschwert 400 mm, 1,6mm passend zu Stihl MS261 Kettensägen";"10751";"10751";"Befestigungsmittel";"Sonstiges";"Stk";"";"";"0";"0";"";"Holzbau-Shop";"";"38,16";"24,80";"35,0"
"Kettensägenschwert 400 mm, 3.8"", 1,1mm passend zu Milwaukee Kettensäge M18FCHS";"10752";"10752";"Werkzeug";"Werkzeug / Ersatzteil";"Stk";"";"";"0";"0";"";"Holzbau-Shop";"";"38,16";"24,80";"35,0"
"Sägekette WIMMER 400 mm 3/8"" / 1,1mm / 56 Tgl";"10760";"10760";"Befestigungsmittel";"Sonstiges";"Stk";"";"";"0";"0";"";"Holzbau-Shop";"";"23,32";"15,16";"35,0"
"Sägekette WIMMER 400 mm 3/8"" / 1,3 mm / 56 Tlg";"10761";"10761";"Befestigungsmittel";"Sonstiges";"Stk";"";"";"0";"0";"";"Holzbau-Shop";"";"24,38";"15,85";"35,0"
"Sägekette WIMMER 400 mm 0,325"" / 1,6 mm / 67 Tgl";"10762";"10762";"Befestigungsmittel";"Sonstiges";"Stk";"";"";"0";"0";"";"Holzbau-Shop";"";"27,56";"17,91";"35,0"
"Sägekette WIMMER 200 mm 3/8"" / 1,1mm / 33 Tgl zu Milwaukee M18FHS20";"10763";"10763";"Werkzeug";"Werkzeug / Ersatzteil";"Stk";"";"";"0";"0";"";"Holzbau-Shop";"";"22,26";"14,47";"35,0"
"Sägekette WIMMER 350 mm 0,325"" / 1,1mm / 59 Tgl passend zu M18FTHCHS35";"10765";"10765";"Befestigungsmittel";"Sonstiges";"Stk";"";"";"0";"0";"";"Holzbau-Shop";"";"22,26";"14,47";"35,0"
"Sägekette WIMMER 370 mm 0,325"" / 1,6 mm / 62 Tgl";"10766";"10766";"Befestigungsmittel";"Sonstiges";"Stk";"";"";"0";"0";"";"Holzbau-Shop";"";"25,44";"16,54";"35,0"
"Sägekette WIMMER 350 mm 3/8"" / 1,3 mm / 51 Tgl";"10767";"10767";"Befestigungsmittel";"Sonstiges";"Stk";"";"";"0";"0";"";"Holzbau-Shop";"";"22,26";"14,47";"35,0"
"Sägekette WIMMER 150 mm 3/8"" / 1,1 mm zu M12FHS";"10768";"10768";"Befestigungsmittel";"Sonstiges";"Stk";"";"";"0";"0";"";"Holzbau-Shop";"";"21,20";"13,78";"35,0"
"Sägekette WIMMER 250 mm 3/8"" / 1,1 mm / 40 Tgl für M18FOPH-CSA";"10769";"10769";"Befestigungsmittel";"Sonstiges";"Stk";"";"";"0";"0";"";"Holzbau-Shop";"";"23,32";"15,16";"35,0"
"Sägekette WIMMER 380 mm 0,325"" / 1,3 mm / 64 Tgl";"11094";"11094";"Befestigungsmittel";"Sonstiges";"Stk";"";"";"0";"0";"";"Holzbau-Shop";"";"29,68";"19,29";"35,0"
"Sägeketten Öl Bio SWI 5 Liter";"13562";"13562";"Befestigungsmittel";"Sonstiges";"Stk";"";"";"0";"0";"";"Holzbau-Shop";"";"35,62";"23,15";"35,0"
"Sägeketten Öl Bio SWI 60 Liter";"13564";"13564";"Befestigungsmittel";"Sonstiges";"Stk";"";"";"0";"0";"";"Holzbau-Shop";"";"320,00";"208,00";"35,0"
"Fasenhobel CE89E Virutex";"V0043";"V0043";"Befestigungsmittel";"Sonstiges";"Stk";"";"";"0";"0";"";"Holzbau-Shop";"";"373,75";"373,75";"0,0"
"Wendemesser HM 82 mm";"20029";"20029";"Befestigungsmittel";"Sonstiges";"Stk";"";"";"0";"0";"";"Holzbau-Shop";"";"4,14";"2,69";"35,0"
"Wendemesser 320 mm";"20033";"20033";"Befestigungsmittel";"Sonstiges";"Stk";"";"";"0";"0";"";"Holzbau-Shop";"";"15,90";"10,34";"35,0"
"Wendemesser 300mm";"20035";"20035";"Befestigungsmittel";"Sonstiges";"Stk";"";"";"0";"0";"";"Holzbau-Shop";"";"15,90";"10,34";"35,0"
"Wendemesser 280 mm";"20037";"20037";"Befestigungsmittel";"Sonstiges";"Stk";"";"";"0";"0";"";"Holzbau-Shop";"";"16,96";"11,02";"35,0"
"Wendemesser 300mm passend zu Balkenhobel Protool/Holzher";"20043";"20043";"Befestigungsmittel";"Sonstiges";"Stk";"";"";"0";"0";"";"Holzbau-Shop";"";"19,08";"12,40";"35,0"
"Wendemesser 205mm";"20044";"20044";"Befestigungsmittel";"Sonstiges";"Stk";"";"";"0";"0";"";"Holzbau-Shop";"";"13,24";"8,61";"35,0"
"Wendemesser 248mm";"20045";"20045";"Befestigungsmittel";"Sonstiges";"Stk";"";"";"0";"0";"";"Holzbau-Shop";"";"16,86";"10,96";"35,0"
"Wendemesser 245mm";"20047";"20047";"Befestigungsmittel";"Sonstiges";"Stk";"";"";"0";"0";"";"Holzbau-Shop";"";"16,86";"10,96";"35,0"
"2 Stück Wendemesser zu Milwaukee Balkenhobel PR320 / 318 mm";"20113";"20113";"Werkzeug";"Werkzeug / Ersatzteil";"Paar";"";"";"0";"0";"";"Holzbau-Shop";"";"63,60";"41,34";"35,0"
"1 Paar Wendemesser zu Balkenhobel Makita 1806B -170 mm";"20114";"20114";"Befestigungsmittel";"Sonstiges";"Paar";"";"";"0";"0";"";"Holzbau-Shop";"";"30,74";"19,98";"35,0"
"Wendemesser 248mm";"20464";"20464";"Befestigungsmittel";"Sonstiges";"Stk";"";"";"0";"0";"";"Holzbau-Shop";"";"16,86";"10,96";"35,0"
"Baustellen Kabeltrommel 33Meter, Gummikabel IP44, 3 Stecker";"90601";"90601";"Befestigungsmittel";"Sonstiges";"Stk";"";"";"0";"0";"";"Holzbau-Shop";"";"157,94";"102,66";"35,0"
"Bürstmaschine Wimmer Solo ohne Bürste";"10662";"10662";"Befestigungsmittel";"Sonstiges";"Stk";"";"";"0";"0";"";"Holzbau-Shop";"";"190,00";"190,00";"0,0"
"Bandschleifer Makita 9403J";"20095";"20095";"Befestigungsmittel";"Sonstiges";"Stk";"";"";"0";"0";"";"Holzbau-Shop";"";"295,00";"295,00";"0,0"
"Bürstgerät Makita 9741";"20137";"20137";"Befestigungsmittel";"Sonstiges";"Stk";"";"";"0";"0";"";"Holzbau-Shop";"";"541,63";"541,63";"0,0"
"Kunststoffbürste Nylon Korn 80";"10663";"10663";"Befestigungsmittel";"Sonstiges";"Stk";"";"";"0";"0";"";"Holzbau-Shop";"";"137,80";"89,57";"35,0"
"Bandschleifpapier 100 x 610 mm zu Makita Bandschleifer 9403";"20149-100";"20149-100";"Befestigungsmittel";"Sonstiges";"Stk";"";"";"0";"0";"";"Holzbau-Shop";"";"4,14";"2,69";"35,0"
"Bandschleifpapier 100 x 610 mm zu Makita Bandschleifer 9403";"20149-120";"20149-120";"Befestigungsmittel";"Sonstiges";"Stk";"";"";"0";"0";"";"Holzbau-Shop";"";"4,14";"2,69";"35,0"
"Bandschleifpapier 100 x 610 mm zu Makita Bandschleifer 9403";"20149-150";"20149-150";"Befestigungsmittel";"Sonstiges";"Stk";"";"";"0";"0";"";"Holzbau-Shop";"";"4,14";"2,69";"35,0"
"Bandschleifpapier 100 x 610 mm zu Makita Bandschleifer 9403";"20149-40";"20149-40";"Befestigungsmittel";"Sonstiges";"Stk";"";"";"0";"0";"";"Holzbau-Shop";"";"4,14";"2,69";"35,0"
"Bandschleifpapier 100 x 610 mm zu Makita Bandschleifer 9403";"20149-60";"20149-60";"Befestigungsmittel";"Sonstiges";"Stk";"";"";"0";"0";"";"Holzbau-Shop";"";"4,14";"2,69";"35,0"
"Bandschleifpapier 100 x 610 mm zu Makita Bandschleifer 9403";"20149-80";"20149-80";"Befestigungsmittel";"Sonstiges";"Stk";"";"";"0";"0";"";"Holzbau-Shop";"";"4,14";"2,69";"35,0"
"Messingstahldrahtbürste zu WIMMER Bürstmaschine";"20181";"20181";"Befestigungsmittel";"Sonstiges";"Stk";"";"";"0";"0";"";"Holzbau-Shop";"";"95,40";"62,01";"35,0"
"Scheiben kletthaftend 125 mm Schleifscheiben mit Gewebeunterlage, kletthaftend für Edelstahl, Stahl, Metall Universal, Holz";"20020-K100";"20020-K100";"Befestigungsmittel";"Sonstiges";"Stk";"";"";"0";"0";"";"Holzbau-Shop";"";"1,48";"0,96";"35,0"
"Scheiben kletthaftend 125 mm Schleifscheiben mit Gewebeunterlage, kletthaftend für Edelstahl, Stahl, Metall Universal, Holz";"20020-K120";"20020-K120";"Befestigungsmittel";"Sonstiges";"Stk";"";"";"0";"0";"";"Holzbau-Shop";"";"1,48";"0,96";"35,0"
"Scheiben kletthaftend 125 mm Schleifscheiben mit Gewebeunterlage, kletthaftend für Edelstahl, Stahl, Metall Universal, Holz";"20020-K180";"20020-K180";"Befestigungsmittel";"Sonstiges";"Stk";"";"";"0";"0";"";"Holzbau-Shop";"";"1,48";"0,96";"35,0"
"Scheiben kletthaftend 125 mm Schleifscheiben mit Gewebeunterlage, kletthaftend für Edelstahl, Stahl, Metall Universal, Holz";"20020-K60";"20020-K60";"Befestigungsmittel";"Sonstiges";"Stk";"";"";"0";"0";"";"Holzbau-Shop";"";"1,48";"0,96";"35,0"
"Scheiben kletthaftend 125 mm Schleifscheiben mit Gewebeunterlage, kletthaftend für Edelstahl, Stahl, Metall Universal, Holz";"20020-K80";"20020-K80";"Befestigungsmittel";"Sonstiges";"Stk";"";"";"0";"0";"";"Holzbau-Shop";"";"1,48";"0,96";"35,0"
"Bandschleifpapier zu M12FBFL13-0";"20148-100";"20148-100";"Befestigungsmittel";"Sonstiges";"Stk";"";"";"0";"0";"";"Holzbau-Shop";"";"2,54";"1,65";"35,0"
"Bandschleifpapier zu M12FBFL13-0";"20148-120";"20148-120";"Befestigungsmittel";"Sonstiges";"Stk";"";"";"0";"0";"";"Holzbau-Shop";"";"2,54";"1,65";"35,0"
"Bandschleifpapier zu M12FBFL13-0";"20148-240";"20148-240";"Befestigungsmittel";"Sonstiges";"Stk";"";"";"0";"0";"";"Holzbau-Shop";"";"2,54";"1,65";"35,0"
"Bandschleifpapier zu M12FBFL13-0";"20148-320";"20148-320";"Befestigungsmittel";"Sonstiges";"Stk";"";"";"0";"0";"";"Holzbau-Shop";"";"2,54";"1,65";"35,0"
"Bandschleifpapier zu M12FBFL13-0";"20148-60";"20148-60";"Befestigungsmittel";"Sonstiges";"Stk";"";"";"0";"0";"";"Holzbau-Shop";"";"2,54";"1,65";"35,0"
"Bandschleifpapier zu M12FBFL13-0";"20148-80";"20148-80";"Befestigungsmittel";"Sonstiges";"Stk";"";"";"0";"0";"";"Holzbau-Shop";"";"2,54";"1,65";"35,0"
"Schleifscheiben Klett 150 mm, PS22K, Lochform GLS 51";"20163-100";"20163-100";"Befestigungsmittel";"Sonstiges";"Stk";"";"";"0";"0";"";"Holzbau-Shop";"";"0,95";"0,62";"35,0"
"Schleifscheiben Klett 150 mm, PS22K, Lochform GLS 51";"20163-120";"20163-120";"Befestigungsmittel";"Sonstiges";"Stk";"";"";"0";"0";"";"Holzbau-Shop";"";"0,95";"0,62";"35,0"
"Schleifscheiben Klett 150 mm, PS22K, Lochform GLS 51";"20163-150";"20163-150";"Befestigungsmittel";"Sonstiges";"Stk";"";"";"0";"0";"";"Holzbau-Shop";"";"0,95";"0,62";"35,0"
"Schleifscheiben Klett 150 mm, PS22K, Lochform GLS 51";"20163-60";"20163-60";"Befestigungsmittel";"Sonstiges";"Stk";"";"";"0";"0";"";"Holzbau-Shop";"";"0,95";"0,62";"35,0"
"Schleifscheiben Klett 150 mm, PS22K, Lochform GLS 51";"20163-80";"20163-80";"Befestigungsmittel";"Sonstiges";"Stk";"";"";"0";"0";"";"Holzbau-Shop";"";"0,95";"0,62";"35,0"
"Schleifscheiben DM 125 mm WIMMER";"20164-K100";"20164-K100";"Befestigungsmittel";"Sonstiges";"Stk";"";"";"0";"0";"";"Holzbau-Shop";"";"0,95";"0,62";"35,0"
"Schleifscheiben DM 125 mm WIMMER";"20164-K120";"20164-K120";"Befestigungsmittel";"Sonstiges";"Stk";"";"";"0";"0";"";"Holzbau-Shop";"";"0,95";"0,62";"35,0"
"Schleifscheiben DM 125 mm WIMMER";"20164-K150";"20164-K150";"Befestigungsmittel";"Sonstiges";"Stk";"";"";"0";"0";"";"Holzbau-Shop";"";"0,95";"0,62";"35,0"
"Schleifscheiben DM 125 mm WIMMER";"20164-K40";"20164-K40";"Befestigungsmittel";"Sonstiges";"Stk";"";"";"0";"0";"";"Holzbau-Shop";"";"0,95";"0,62";"35,0"
"Schleifscheiben DM 125 mm WIMMER";"20164-K60";"20164-K60";"Befestigungsmittel";"Sonstiges";"Stk";"";"";"0";"0";"";"Holzbau-Shop";"";"0,95";"0,62";"35,0"
"Schleifscheiben DM 125 mm WIMMER";"20164-K80";"20164-K80";"Befestigungsmittel";"Sonstiges";"Stk";"";"";"0";"0";"";"Holzbau-Shop";"";"0,95";"0,62";"35,0"
"Schleifpapier, kletthaftend DM 96 mm 50 Stück Packung";"20165-120";"20165-120";"Befestigungsmittel";"Sonstiges";"100 Stk";"";"";"0";"0";"";"Holzbau-Shop";"";"30,74";"19,98";"35,0"
"Schleifpapier, kletthaftend DM 96 mm 50 Stück Packung";"20165-60";"20165-60";"Befestigungsmittel";"Sonstiges";"100 Stk";"";"";"0";"0";"";"Holzbau-Shop";"";"34,98";"22,74";"35,0"
"Schleifpapier, kletthaftend DM 96 mm 50 Stück Packung";"20165-80";"20165-80";"Befestigungsmittel";"Sonstiges";"100 Stk";"";"";"0";"0";"";"Holzbau-Shop";"";"34,98";"22,74";"35,0"
"Haftstützteller 125mm Gewinde M 14";"70434";"70434";"Befestigungsmittel";"Sonstiges";"Stk";"";"";"0";"0";"";"Holzbau-Shop";"";"15,90";"10,34";"35,0"
"Fiberscheiben 125 mm CS561 zu Gummiteller";"20017-100";"20017-100";"Befestigungsmittel";"Sonstiges";"Stk";"";"";"0";"0";"";"Holzbau-Shop";"";"1,27";"0,83";"35,0"
"Fiberscheiben 125 mm CS561 zu Gummiteller";"20017-120";"20017-120";"Befestigungsmittel";"Sonstiges";"Stk";"";"";"0";"0";"";"Holzbau-Shop";"";"1,27";"0,83";"35,0"
"Fiberscheiben 125 mm CS561 zu Gummiteller";"20017-24";"20017-24";"Befestigungsmittel";"Sonstiges";"Stk";"";"";"0";"0";"";"Holzbau-Shop";"";"1,39";"0,90";"35,0"
"Fiberscheiben 125 mm CS561 zu Gummiteller";"20017-36";"20017-36";"Befestigungsmittel";"Sonstiges";"Stk";"";"";"0";"0";"";"Holzbau-Shop";"";"1,39";"0,90";"35,0"
"Fiberscheiben 125 mm CS561 zu Gummiteller";"20017-40";"20017-40";"Befestigungsmittel";"Sonstiges";"Stk";"";"";"0";"0";"";"Holzbau-Shop";"";"1,27";"0,83";"35,0"
"Fiberscheiben 125 mm CS561 zu Gummiteller";"20017-60";"20017-60";"Befestigungsmittel";"Sonstiges";"Stk";"";"";"0";"0";"";"Holzbau-Shop";"";"1,27";"0,83";"35,0"
"Fiberscheiben 125 mm CS561 zu Gummiteller";"20017-80";"20017-80";"Befestigungsmittel";"Sonstiges";"Stk";"";"";"0";"0";"";"Holzbau-Shop";"";"1,27";"0,83";"35,0"
"Schruppscheibe Hikoki 230 x 6 x 22,23 mm Metall";"20053";"20053";"Befestigungsmittel";"Sonstiges";"Paket";"";"";"0";"0";"";"Holzbau-Shop";"";"20,14";"13,09";"35,0"
"Gummiteller für Fiberscheiben 125 mm x 22 mm - 14835";"20127";"20127";"Befestigungsmittel";"Sonstiges";"Stk";"";"";"0";"0";"";"Holzbau-Shop";"";"14,84";"9,65";"35,0"
"WIMMER Diamanttrennscheibe DTU 230 mm Universal EXTRA";"20173";"20173";"Befestigungsmittel";"Sonstiges";"Stk";"";"";"0";"0";"";"Holzbau-Shop";"";"51,94";"33,76";"35,0"
"Diamanttrennscheibe Klingspor 125 mm";"20174";"20174";"Befestigungsmittel";"Sonstiges";"Stk";"";"";"0";"0";"";"Holzbau-Shop";"";"27,56";"17,91";"35,0"
"Trennscheibe /Dünntrennscheibe - Metall/INOX 125 x 1x 22,2 mm / A46T-BF Premium INOX";"20189";"20189";"Befestigungsmittel";"Sonstiges";"Stk";"";"";"0";"0";"";"Holzbau-Shop";"";"2,02";"1,31";"35,0"
"Trennscheibe - Metall 230 x 1,9 mm, INOX PREMIUM";"20261";"20261";"Befestigungsmittel";"Sonstiges";"Stk";"";"";"0";"0";"";"Holzbau-Shop";"";"5,09";"3,31";"35,0"
"Lamellenschleifscheibe Schleifmopteller Dm 125 mm, Premium R8 XC";"20265-120";"20265-120";"Befestigungsmittel";"Sonstiges";"Stk";"";"";"0";"0";"";"Holzbau-Shop";"";"6,88";"4,47";"35,0"
"Lamellenschleifscheibe Schleifmopteller Dm 125 mm, Premium R8 XC";"20265-40";"20265-40";"Befestigungsmittel";"Sonstiges";"Stk";"";"";"0";"0";"";"Holzbau-Shop";"";"6,88";"4,47";"35,0"
"Lamellenschleifscheibe Schleifmopteller Dm 125 mm, Premium R8 XC";"20265-60";"20265-60";"Befestigungsmittel";"Sonstiges";"Stk";"";"";"0";"0";"";"Holzbau-Shop";"";"6,88";"4,47";"35,0"
"Lamellenschleifscheibe Schleifmopteller Dm 125 mm, Premium R8 XC";"20265-80";"20265-80";"Befestigungsmittel";"Sonstiges";"Stk";"";"";"0";"0";"";"Holzbau-Shop";"";"6,88";"4,47";"35,0"
"WILIFT Sechskantschraube";"60801-120100";"60801-120100";"Befestigungsmittel";"Sonstiges";"100 Stk";"12";"100";"0";"0";"";"Holzbau-Shop";"";"371,00";"148,40";"60,0"
"WILIFT Sechskantschraube";"60801-120120";"60801-120120";"Befestigungsmittel";"Sonstiges";"100 Stk";"12";"120";"0";"0";"";"Holzbau-Shop";"";"307,40";"122,96";"60,0"
"WILIFT Sechskantschraube";"60801-120160";"60801-120160";"Befestigungsmittel";"Sonstiges";"100 Stk";"12";"160";"0";"0";"";"Holzbau-Shop";"";"402,80";"161,12";"60,0"
"Kugelkopfabheber XL WILIFT 1,3 Tonnen";"60804";"60804";"Befestigungsmittel";"Sonstiges";"Stk";"";"";"0";"0";"";"Holzbau-Shop";"";"137,80";"55,12";"60,0"
"Doppelschlagschnurgerät ""DUO"" 30 Meter mit Kurbel";"80107";"80107";"Befestigungsmittel";"Sonstiges";"Stk";"";"";"0";"0";"";"Holzbau-Shop";"";"19,08";"12,40";"35,0"
"Schlagschnurfarbe BLAU";"80203";"80203";"Befestigungsmittel";"Sonstiges";"Stk";"";"";"0";"0";"";"Holzbau-Shop";"";"8,48";"5,51";"35,0"
"Schlagschnurfarbe ROT";"80204";"80204";"Befestigungsmittel";"Sonstiges";"Stk";"";"";"0";"0";"";"Holzbau-Shop";"";"8,48";"5,51";"35,0"
"""ORIGINAL"" Alphawinkel geschraubt";"80097";"80097";"Befestigungsmittel";"Verbinder / Winkel";"Stk";"";"";"0";"0";"";"Holzbau-Shop";"";"116,60";"75,79";"35,0"
"Zimmermannswinkel Austria 40/50 mm";"80114";"80114";"Befestigungsmittel";"Verbinder / Winkel";"Stk";"";"";"0";"0";"";"Holzbau-Shop";"";"62,54";"40,65";"35,0"
"Zahnstangenwinde /Südbahnwinde 5 Tonnen, Sicherheitskurbel,";"80334";"80334";"Material";"Bahnen / Folien";"Stk";"";"";"0";"0";"";"Holzbau-Shop";"";"307,40";"199,81";"35,0"
"Exakt Rollmeter 8 Meter / 25 mm";"80460";"80460";"Befestigungsmittel";"Sonstiges";"Stk";"";"";"0";"0";"";"Holzbau-Shop";"";"6,36";"4,13";"35,0"
"Exakt Rollmeter 10 Meter / 25 mm";"80461";"80461";"Befestigungsmittel";"Sonstiges";"Stk";"";"";"0";"0";"";"Holzbau-Shop";"";"8,48";"5,51";"35,0"
"Zimmermannswinkel 700 mm gelocht, Schenkel 35/35 mm, Edelstahl";"80501";"80501";"Befestigungsmittel";"Verbinder / Winkel";"Stk";"";"";"0";"0";"";"Holzbau-Shop";"";"30,74";"19,98";"35,0"
"Hebeschlaufen 1.000kg";"A1N1000-1000";"A1N1000-1000";"Befestigungsmittel";"Sonstiges";"Stk";"";"";"0";"0";"";"Holzbau-Shop";"";"2,64";"1,72";"35,0"
"Hebeschlaufen 1.000kg";"A1N1000-500";"A1N1000-500";"Befestigungsmittel";"Sonstiges";"Stk";"";"";"0";"0";"";"Holzbau-Shop";"";"2,02";"1,31";"35,0"
"Hebeschlaufen 500kg";"A1N500-500";"A1N500-500";"Befestigungsmittel";"Sonstiges";"Stk";"";"";"0";"0";"";"Holzbau-Shop";"";"1,70";"1,10";"35,0"
"Hebeschlaufen 500kg";"A1N500-700";"A1N500-700";"Befestigungsmittel";"Sonstiges";"Stk";"";"";"0";"0";"";"Holzbau-Shop";"";"2,12";"1,38";"35,0"
"Rundschlinge";"RS30-2000";"RS30-2000";"Befestigungsmittel";"Sonstiges";"Stk";"";"";"0";"0";"";"Holzbau-Shop";"";"20,14";"13,09";"35,0"
"Rundschlinge";"RS30-3000";"RS30-3000";"Befestigungsmittel";"Sonstiges";"Stk";"";"";"0";"0";"";"Holzbau-Shop";"";"26,50";"17,23";"35,0"
"Rundschlinge";"RS30-5000";"RS30-5000";"Befestigungsmittel";"Sonstiges";"Stk";"";"";"0";"0";"";"Holzbau-Shop";"";"31,80";"20,67";"35,0"
"Rundschlinge";"RS30-6000";"RS30-6000";"Befestigungsmittel";"Sonstiges";"Stk";"";"";"0";"0";"";"Holzbau-Shop";"";"37,10";"24,12";"35,0"
"Zurrgurt - Spanngurt 35 mm 2 Tonnen 5 Meter";"ZG2-355000";"ZG2-355000";"Befestigungsmittel";"Sonstiges";"Stk";"";"";"0";"0";"";"Holzbau-Shop";"";"10,60";"6,89";"35,0"
"Zurrgurt - Spanngurt 50 mm 3 Tonnen 8 Meter";"ZG3-508000";"ZG3-508000";"Befestigungsmittel";"Sonstiges";"Stk";"";"";"0";"0";"";"Holzbau-Shop";"";"12,72";"8,27";"35,0"
"Zurrgurt - Spanngurt 50 mm 5 Tonnen 12 Meter";"ZG5-5012000";"ZG5-5012000";"Befestigungsmittel";"Sonstiges";"Stk";"";"";"0";"0";"";"Holzbau-Shop";"";"26,50";"17,23";"35,0"
"Balkenzug";"80110";"80110";"Befestigungsmittel";"Sonstiges";"Stk";"";"";"0";"0";"";"Holzbau-Shop";"";"180,20";"117,13";"35,0"
"Abbrechklingen 18 mm extra schwer für WiCUT NEO";"80265";"80265";"Befestigungsmittel";"Sonstiges";"Paket";"";"";"0";"0";"";"Holzbau-Shop";"";"1,91";"1,24";"35,0"
"WiCUT NEO mit Gummigriff für Abbrechklingen";"80266";"80266";"Befestigungsmittel";"Sonstiges";"Stk";"";"";"0";"0";"";"Holzbau-Shop";"";"2,87";"1,87";"35,0"
"Lattenhammer Ganzstahl mit Ledergriff geschmiedet glatte Bahn";"80664";"80664";"Material";"Bahnen / Folien";"Stk";"";"";"0";"0";"";"Holzbau-Shop";"";"53,00";"34,45";"35,0"
"Lattenhammer Ganzstahl mit Ledergriff geschmiedet raue Bahn";"80665";"80665";"Material";"Bahnen / Folien";"Stk";"";"";"0";"0";"";"Holzbau-Shop";"";"53,00";"34,45";"35,0"
"Ringratschenschlüssel 8 in 1/ 10-13-14-17-19-22-24-27";"80082";"80082";"Befestigungsmittel";"Sonstiges";"Stk";"";"";"0";"0";"";"Holzbau-Shop";"";"68,90";"44,79";"35,0"
"Ringratschenschlüssel mit Knarre 19/24";"80083";"80083";"Befestigungsmittel";"Sonstiges";"Stk";"";"";"0";"0";"";"Holzbau-Shop";"";"58,30";"37,90";"35,0"
"Ringratschen - Maulschlüssel mit Knarre CR-MO 10-13-17-19-22-24";"80084";"80084";"Befestigungsmittel";"Sonstiges";"Stk";"";"";"0";"0";"";"Holzbau-Shop";"";"95,40";"62,01";"35,0"
"Zimmermannsaxt 350 mm - 0,5kg geschmiedet";"80282";"80282";"Befestigungsmittel";"Sonstiges";"Stk";"";"";"0";"0";"";"Holzbau-Shop";"";"63,60";"41,34";"35,0"
"Zimmermannsaxt 600 mm - 1kg geschmiedet";"80283";"80283";"Befestigungsmittel";"Sonstiges";"Stk";"";"";"0";"0";"";"Holzbau-Shop";"";"96,46";"62,70";"35,0"
"Kistenöffner 400 mm";"80382";"80382";"Befestigungsmittel";"Sonstiges";"Stk";"";"";"0";"0";"";"Holzbau-Shop";"";"24,38";"15,85";"35,0"
"Rollmeter SOLA 8 Meter 25mm";"80465";"80465";"Befestigungsmittel";"Sonstiges";"Stk";"";"";"0";"0";"";"Holzbau-Shop";"";"65,34";"42,47";"35,0"
"Rollmeter SOLA 5 Meter 19 mm";"80466";"80466";"Befestigungsmittel";"Sonstiges";"Stk";"";"";"0";"0";"";"Holzbau-Shop";"";"46,30";"30,10";"35,0"
"Laser Entfernungsmesser 30m METRON 30 BT";"80602";"80602";"Befestigungsmittel";"Sonstiges";"Stk";"";"";"0";"0";"";"Holzbau-Shop";"";"102,93";"66,90";"35,0"
"Zollstock - Meterstab 2 Meter, extra dünn";"80666";"80666";"Befestigungsmittel";"Sonstiges";"Stk";"";"";"0";"0";"";"Holzbau-Shop";"";"7,42";"4,82";"35,0"
"Zimmermannsbleistift ""SPEZIAL"" 245 mm";"80820";"80820";"Befestigungsmittel";"Sonstiges";"Stk";"";"";"0";"0";"";"Holzbau-Shop";"";"1,60";"1,04";"35,0"
"Nageltasche Akkuschrauber";"90011";"90011";"Befestigungsmittel";"Nägel / Klammern";"Stk";"9";"11";"0";"0";"";"Holzbau-Shop";"";"18,02";"11,71";"35,0"
"Nageltasche Nabuk-Leder Vollledergürtel";"90013";"90013";"Befestigungsmittel";"Nägel / Klammern";"Stk";"9";"13";"0";"0";"";"Holzbau-Shop";"";"62,54";"40,65";"35,0"
"Ledergürtel Gr. S-L solo für Nagel-, Messer oder Schraubentasche";"90014-M";"90014-M";"Befestigungsmittel";"Nägel / Klammern";"Stk";"9";"14";"0";"0";"";"Holzbau-Shop";"";"15,26";"9,92";"35,0"
"Ledergürtel Gr. XL solo für Nagel-, Messer oder Schraubentasche";"90014-XL";"90014-XL";"Befestigungsmittel";"Nägel / Klammern";"Stk";"9";"14";"0";"0";"";"Holzbau-Shop";"";"16,42";"10,67";"35,0"
"Ledertasche für Holzbauschrauben bis 400mm Schraubenbeutel";"90015";"90015";"Befestigungsmittel";"Sonstiges";"Stk";"9";"15";"0";"0";"";"Holzbau-Shop";"";"17,12";"11,13";"35,0"
"Ledertasche für Stanleymesser/Cutter";"90016";"90016";"Befestigungsmittel";"Sonstiges";"Stk";"";"";"0";"0";"";"Holzbau-Shop";"";"9,28";"6,03";"35,0"
"Lattenhammerhalterung aus Leder";"90017";"90017";"Befestigungsmittel";"Sonstiges";"Stk";"";"";"0";"0";"";"Holzbau-Shop";"";"6,36";"4,13";"35,0"
"Ganzstahl Zwinge";"CLAMP140-1000";"CLAMP140-1000";"Befestigungsmittel";"Sonstiges";"Stk";"";"";"0";"0";"";"Holzbau-Shop";"";"83,74";"54,43";"35,0"
"Ganzstahl Zwinge";"CLAMP140-600";"CLAMP140-600";"Befestigungsmittel";"Sonstiges";"Stk";"";"";"0";"0";"";"Holzbau-Shop";"";"73,14";"47,54";"35,0"
"Ganzstahl Zwinge";"CLAMP140-800";"CLAMP140-800";"Befestigungsmittel";"Sonstiges";"Stk";"";"";"0";"0";"";"Holzbau-Shop";"";"79,50";"51,67";"35,0"
"Zurrset Spanngurt Ladesicherungs-Set 6 Teilig";"ZG-SET";"ZG-SET";"Befestigungsmittel";"Sonstiges";"Stk";"";"";"0";"0";"";"Holzbau-Shop";"";"41,34";"26,87";"35,0"
"Plattenzug Adapter 1 Paar";"80111";"80111";"Befestigungsmittel";"Sonstiges";"Paar";"";"";"0";"0";"";"Holzbau-Shop";"";"55,00";"35,75";"35,0"
"Steinschlegel mit 900 mm Stiel 3 kg";"80272";"80272";"Befestigungsmittel";"Sonstiges";"Stk";"";"";"0";"0";"";"Holzbau-Shop";"";"40,00";"26,00";"35,0"
"Steinschlegel mit 900 mm Stiel 5 kg";"80274";"80274";"Befestigungsmittel";"Sonstiges";"Stk";"";"";"0";"0";"";"Holzbau-Shop";"";"50,00";"32,50";"35,0"
"Arbeitshandschuhe WITEX Safe Comfort+";"80155-10";"80155-10";"Befestigungsmittel";"Sonstiges";"Paar";"";"";"0";"0";"";"Holzbau-Shop";"";"2,90";"1,89";"35,0"
"Arbeitshandschuhe WITEX Safe Comfort+";"80155-11";"80155-11";"Befestigungsmittel";"Sonstiges";"Paar";"";"";"0";"0";"";"Holzbau-Shop";"";"2,90";"1,89";"35,0"
"Arbeitshandschuhe WITEX Safe Comfort+";"80155-8";"80155-8";"Befestigungsmittel";"Sonstiges";"Paar";"";"";"0";"0";"";"Holzbau-Shop";"";"2,90";"1,89";"35,0"
"Arbeitshandschuhe WITEX Safe Comfort+";"80155-9";"80155-9";"Befestigungsmittel";"Sonstiges";"Paar";"";"";"0";"0";"";"Holzbau-Shop";"";"2,90";"1,89";"35,0"
"Schnittschutzhandschuhe WITEX Cut Top LEVEL 4";"80166-10";"80166-10";"Befestigungsmittel";"Sonstiges";"Paar";"";"";"0";"0";"";"Holzbau-Shop";"";"7,00";"4,55";"35,0"
"Schnittschutzhandschuhe WITEX Cut Top LEVEL 4";"80166-11";"80166-11";"Befestigungsmittel";"Sonstiges";"Paar";"";"";"0";"0";"";"Holzbau-Shop";"";"7,00";"4,55";"35,0"
"Schnittschutzhandschuhe WITEX Cut Top LEVEL 4";"80166-8";"80166-8";"Befestigungsmittel";"Sonstiges";"Paar";"";"";"0";"0";"";"Holzbau-Shop";"";"7,00";"4,55";"35,0"
"Schnittschutzhandschuhe WITEX Cut Top LEVEL 4";"80166-9";"80166-9";"Befestigungsmittel";"Sonstiges";"Paar";"";"";"0";"0";"";"Holzbau-Shop";"";"7,00";"4,55";"35,0"
"Nageleisen Wimmer 300mm";"80279";"80279";"Befestigungsmittel";"Nägel / Klammern";"Stk";"8";"279";"0";"0";"";"Holzbau-Shop";"";"15,00";"9,75";"35,0"
"Nageleisen Wimmer 420 mm";"80280";"80280";"Befestigungsmittel";"Nägel / Klammern";"Stk";"8";"280";"0";"0";"";"Holzbau-Shop";"";"18,00";"11,70";"35,0"
"Zimmermannsnageleisen";"80380-800";"80380-800";"Befestigungsmittel";"Nägel / Klammern";"Stk";"";"";"0";"0";"";"Holzbau-Shop";"";"29,00";"18,85";"35,0"
"Kistenöffner 300 mm Krenhof";"80381";"80381";"Befestigungsmittel";"Sonstiges";"Stk";"";"";"0";"0";"";"Holzbau-Shop";"";"23,00";"14,95";"35,0"
"Abdeck - Sicherungsnetz mit Gummiband 4,5 x 3,5 Meter";"80510";"80510";"Befestigungsmittel";"Sonstiges";"Stk";"";"";"0";"0";"";"Holzbau-Shop";"";"45,00";"29,25";"35,0"
"Metabo KB 18 BL Akku-Kühlbox";"600791850";"600791850";"Befestigungsmittel";"Sonstiges";"Stk";"";"";"0";"0";"";"Holzbau-Shop";"";"156,00";"156,00";"0,0"
"ABVERKAUF Metabo BP 18 LTX BL Akku-Blaspistole";"600798850";"600798850";"Befestigungsmittel";"Sonstiges";"Stk";"";"";"0";"0";"";"Holzbau-Shop";"";"80,00";"80,00";"0,0"
"ABVERKAUF Metabo KH 18 LTX BL 35 Q Akku-Kombihammer";"600813840";"600813840";"Befestigungsmittel";"Sonstiges";"Stk";"";"";"0";"0";"";"Holzbau-Shop";"";"420,00";"420,00";"0,0"
"ABVERKAUF Metabo KPA 18 LTX 600 Akku-Kartuschenpistole";"601207850";"601207850";"Befestigungsmittel";"Sonstiges";"Stk";"";"";"0";"0";"";"Holzbau-Shop";"";"250,00";"250,00";"0,0"
"ABVERKAUF Metabo LB 18 LTX BL Akku-Laubbläser";"601607850";"601607850";"Befestigungsmittel";"Sonstiges";"Stk";"";"";"0";"0";"";"Holzbau-Shop";"";"110,00";"110,00";"0,0"
"Metabo FMV 18 LTX BL 8 Akku-Kantenfräse";"601742840";"601742840";"Befestigungsmittel";"Sonstiges";"Stk";"";"";"0";"0";"";"Holzbau-Shop";"";"250,00";"250,00";"0,0"
"Metabo KT 18 LTX 66 BL Akku-Tauchkreissäge";"601866840";"601866840";"Befestigungsmittel";"Sonstiges";"Stk";"";"";"0";"0";"";"Holzbau-Shop";"";"372,00";"372,00";"0,0"
"ABVERKAUF Metabo HO 18 LTX 20-82 Akku-Hobel";"602082840";"602082840";"Befestigungsmittel";"Sonstiges";"Stk";"";"";"0";"0";"";"Holzbau-Shop";"";"160,00";"160,00";"0,0"
"Metabo AG 18 Akku-Gebläse";"602242850";"602242850";"Befestigungsmittel";"Sonstiges";"Stk";"";"";"0";"0";"";"Holzbau-Shop";"";"124,00";"124,00";"0,0"
"Metabo BS 18 LTX BL Q I";"602359840";"602359840";"Befestigungsmittel";"Sonstiges";"Stk";"";"";"0";"0";"";"Holzbau-Shop";"";"302,00";"302,00";"0,0"
"Metabo HGE 23-650 LCD Heißluftgebläse";"603065500";"603065500";"Befestigungsmittel";"Sonstiges";"Stk";"";"";"0";"0";"";"Holzbau-Shop";"";"196,00";"196,00";"0,0"
"ABVERKAUF Metabo BS 18 L BL Q Akku-Bohrschrauber Vollversion";"613156500";"613156500";"Befestigungsmittel";"Sonstiges";"Stk";"";"";"0";"0";"";"Holzbau-Shop";"";"180,00";"180,00";"0,0"
"Metabo LiHD Akkupack 18V-5,5Ah";"625368000";"625368000";"Befestigungsmittel";"Sonstiges";"Stk";"";"";"0";"0";"";"Holzbau-Shop";"";"79,00";"79,00";"0,0"
"Metabo LiHD Akkupack 18V-8,0Ah";"625369000";"625369000";"Befestigungsmittel";"Sonstiges";"Stk";"";"";"0";"0";"";"Holzbau-Shop";"";"89,00";"89,00";"0,0"
"Metabo Drehmomentvorsatz PowerX3 (627256000)";"627256000";"627256000";"Befestigungsmittel";"Sonstiges";"Stk";"";"";"0";"0";"";"Holzbau-Shop";"";"204,00";"204,00";"0,0"
"ABVERKAUF Metabo Schnellwechselwinkeladapter ""Quick"" 28 Nm";"627261000";"627261000";"Befestigungsmittel";"Verbinder / Winkel";"Stk";"";"";"0";"0";"";"Holzbau-Shop";"";"15,00";"15,00";"0,0"
"Metabo Schnellladegerät ASC 145 , 12-36 V, ""AIR COOLED"", EU";"627378000";"627378000";"Befestigungsmittel";"Sonstiges";"Stk";"";"";"0";"0";"";"Holzbau-Shop";"";"54,16";"54,16";"0,0"
"ABVERKAUF Metabo KS 18 LTX 66 BL Set Akku-Handkreissäge";"691194000";"691194000";"Befestigungsmittel";"Sonstiges";"Stk";"";"";"0";"0";"";"Holzbau-Shop";"";"320,00";"320,00";"0,0"
"Zimmererschuhe Grey - Leder mit Durchtrittsicheren Sohle";"90033-G39";"90033-G39";"Befestigungsmittel";"Sonstiges";"Stk";"";"";"0";"0";"";"Holzbau-Shop";"";"90,00";"58,50";"35,0"
"Zimmererschuhe Grey - Leder mit Durchtrittsicheren Sohle";"90033-G40";"90033-G40";"Befestigungsmittel";"Sonstiges";"Stk";"";"";"0";"0";"";"Holzbau-Shop";"";"90,00";"58,50";"35,0"
"Zimmererschuhe Grey - Leder mit Durchtrittsicheren Sohle";"90033-G41";"90033-G41";"Befestigungsmittel";"Sonstiges";"Stk";"";"";"0";"0";"";"Holzbau-Shop";"";"90,00";"58,50";"35,0"
"Zimmererschuhe Grey - Leder mit Durchtrittsicheren Sohle";"90033-G42";"90033-G42";"Befestigungsmittel";"Sonstiges";"Stk";"";"";"0";"0";"";"Holzbau-Shop";"";"90,00";"58,50";"35,0"
"Zimmererschuhe Grey - Leder mit Durchtrittsicheren Sohle";"90033-G43";"90033-G43";"Befestigungsmittel";"Sonstiges";"Stk";"";"";"0";"0";"";"Holzbau-Shop";"";"90,00";"58,50";"35,0"
"Zimmererschuhe Grey - Leder mit Durchtrittsicheren Sohle";"90033-G44";"90033-G44";"Befestigungsmittel";"Sonstiges";"Stk";"";"";"0";"0";"";"Holzbau-Shop";"";"90,00";"58,50";"35,0"
"Zimmererschuhe Grey - Leder mit Durchtrittsicheren Sohle";"90033-G45";"90033-G45";"Befestigungsmittel";"Sonstiges";"Stk";"";"";"0";"0";"";"Holzbau-Shop";"";"90,00";"58,50";"35,0"
"Zimmererschuhe Grey - Leder mit Durchtrittsicheren Sohle";"90033-G46";"90033-G46";"Befestigungsmittel";"Sonstiges";"Stk";"";"";"0";"0";"";"Holzbau-Shop";"";"90,00";"58,50";"35,0"
"Zimmererschuhe Grey - Leder mit Durchtrittsicheren Sohle";"90033-G47";"90033-G47";"Befestigungsmittel";"Sonstiges";"Stk";"";"";"0";"0";"";"Holzbau-Shop";"";"90,00";"58,50";"35,0"
"Zimmererschuhe Grey - Leder mit Durchtrittsicheren Sohle";"90033-G48";"90033-G48";"Befestigungsmittel";"Sonstiges";"Stk";"";"";"0";"0";"";"Holzbau-Shop";"";"0,00";"0,00";"0,0"
"Bürstmaschine inkl. Nylonbürste Korn 80, Bürstgerät Wimmer BM-W125";"10661";"10661";"Befestigungsmittel";"Sonstiges";"Stk";"";"";"0";"0";"";"Holzbau-Shop";"";"229,00";"229,00";"0,0"
"WILIGHT WORKS LED 3000Lumen Akku-Arbeitslampe";"10664";"10664";"Befestigungsmittel";"Sonstiges";"Stk";"";"";"0";"0";"";"Holzbau-Shop";"";"59,00";"59,00";"0,0"
"Makita Balkenhobel 1806B - 170 mm Hobelbreite";"1806B";"1806B";"Befestigungsmittel";"Sonstiges";"Stk";"";"";"0";"0";"";"Holzbau-Shop";"";"658,29";"658,29";"0,0"
"Drahtbindegerät Tjep Ultra Grip 40";"40151";"40151";"Befestigungsmittel";"Sonstiges";"Stk";"";"";"0";"0";"";"Holzbau-Shop";"";"2639,40";"2111,52";"20,0"
"WITEC Rinnenhakenfräser Umbausatz Version V3";"50111";"50111";"Befestigungsmittel";"Sonstiges";"Stk";"";"";"0";"0";"";"Holzbau-Shop";"";"450,00";"450,00";"0,0"
"Makita Handkreissäge 5103R 270 mm";"5103R";"5103R";"Befestigungsmittel";"Sonstiges";"Stk";"";"";"0";"0";"";"Holzbau-Shop";"";"520,00";"520,00";"0,0"
"Zimmerei Handkreissäge Makita 5104S (nicht mehr lieferbar)";"5104S";"5104S";"Befestigungsmittel";"Sonstiges";"Stk";"";"";"0";"0";"";"Holzbau-Shop";"";"558,00";"558,00";"0,0"
"Zimmererschuhe Grey - Leder mit Durchtrittsicheren Sohle & Schutzkappe S3";"90032-G41";"90032-G41";"Befestigungsmittel";"Sonstiges";"Stk";"";"";"0";"0";"";"Holzbau-Shop";"";"120,00";"78,00";"35,0"
"Zimmererschuhe Grey - Leder mit Durchtrittsicheren Sohle & Schutzkappe S3";"90032-G42";"90032-G42";"Befestigungsmittel";"Sonstiges";"Stk";"";"";"0";"0";"";"Holzbau-Shop";"";"120,00";"78,00";"35,0"
"Zimmererschuhe Grey - Leder mit Durchtrittsicheren Sohle & Schutzkappe S3";"90032-G43";"90032-G43";"Befestigungsmittel";"Sonstiges";"Stk";"";"";"0";"0";"";"Holzbau-Shop";"";"120,00";"78,00";"35,0"
"Zimmererschuhe Grey - Leder mit Durchtrittsicheren Sohle & Schutzkappe S3";"90032-G44";"90032-G44";"Befestigungsmittel";"Sonstiges";"Stk";"";"";"0";"0";"";"Holzbau-Shop";"";"120,00";"78,00";"35,0"
"Zimmererschuhe Grey - Leder mit Durchtrittsicheren Sohle & Schutzkappe S3";"90032-G45";"90032-G45";"Befestigungsmittel";"Sonstiges";"Stk";"";"";"0";"0";"";"Holzbau-Shop";"";"120,00";"78,00";"35,0"
"Zimmererschuhe Grey - Leder mit Durchtrittsicheren Sohle & Schutzkappe S3";"90032-G46";"90032-G46";"Befestigungsmittel";"Sonstiges";"Stk";"";"";"0";"0";"";"Holzbau-Shop";"";"120,00";"78,00";"35,0"
"Zimmererschuhe Grey - Leder mit Durchtrittsicheren Sohle & Schutzkappe S3";"90032-G47";"90032-G47";"Befestigungsmittel";"Sonstiges";"Stk";"";"";"0";"0";"";"Holzbau-Shop";"";"120,00";"78,00";"35,0"
"Makita Akkupack BL4080F XGT, 8,0 Ah";"BL4080F";"BL4080F";"Befestigungsmittel";"Sonstiges";"Stk";"";"";"0";"0";"";"Holzbau-Shop";"";"296,63";"296,63";"0,0"
"Makita Doppel-Schnellladegerät DC40RB XGT";"DC40RB";"DC40RB";"Befestigungsmittel";"Sonstiges";"Stk";"";"";"0";"0";"";"Holzbau-Shop";"";"212,79";"212,79";"0,0"
"HiKOKI Winkelschleifer G13SR3 im Karton";"G13SR3";"G13SR3";"Befestigungsmittel";"Verbinder / Winkel";"Stk";"";"";"0";"0";"";"Holzbau-Shop";"";"69,00";"69,00";"0,0"
"HiKOKI Winkelschleifer G23SW2 im Koffer";"G23SW2";"G23SW2";"Befestigungsmittel";"Verbinder / Winkel";"Stk";"";"";"0";"0";"";"Holzbau-Shop";"";"119,00";"119,00";"0,0"
"Makita Balkenhobel KP312S";"KP312S";"KP312S";"Befestigungsmittel";"Sonstiges";"Stk";"";"";"0";"0";"";"Holzbau-Shop";"";"2623,96";"2623,96";"0,0"
"Zapfenschablone LT120";"LTA1001";"LTA1001";"Befestigungsmittel";"Sonstiges";"Stk";"";"";"0";"0";"";"Holzbau-Shop";"";"535,00";"535,00";"0,0"
"Zapfenschablone LT080";"LTA1003";"LTA1003";"Befestigungsmittel";"Sonstiges";"Stk";"";"";"0";"0";"";"Holzbau-Shop";"";"535,00";"535,00";"0,0"
"Zapfenschablone LT080";"LTA1004";"LTA1004";"Befestigungsmittel";"Sonstiges";"Stk";"";"";"0";"0";"";"Holzbau-Shop";"";"515,00";"515,00";"0,0"
"Lignatool Arretierplatte zu Mafell Lo65Ec inkl. 4 Schrauben M5x20";"LTA1016";"LTA1016";"Werkzeug";"Werkzeug / Ersatzteil";"Stk";"5";"20";"0";"0";"";"Holzbau-Shop";"";"95,00";"95,00";"0,0"
"Lignatool Gratfräser mit Wendemesser 15° Nutzlänge 32mm";"LTA1022";"LTA1022";"Befestigungsmittel";"Sonstiges";"Stk";"";"";"0";"0";"";"Holzbau-Shop";"";"395,00";"395,00";"0,0"
"Lignatool Laufring DM 20/46,2mm";"LTA1024";"LTA1024";"Befestigungsmittel";"Sonstiges";"Stk";"";"";"0";"0";"";"Holzbau-Shop";"";"54,00";"54,00";"0,0"
"Lignatool LT120 Schwalbenschwanzfrässystem Profi Set";"LTA1044";"LTA1044";"Befestigungsmittel";"Sonstiges";"Stk";"";"";"0";"0";"";"Holzbau-Shop";"";"2597,00";"2597,00";"0,0"
"Arretierplatte DeWalt DW625E inkl. 3 Schrauben M6x20mm und 2 Schrauben M5x25mm";"LTA1076";"LTA1076";"Befestigungsmittel";"Sonstiges";"Stk";"6";"20";"0";"0";"";"Holzbau-Shop";"";"95,00";"95,00";"0,0"
"Lignatool LT045 Schwalbenschwanzfrässystem Profi Set";"LTA1146";"LTA1146";"Befestigungsmittel";"Sonstiges";"Stk";"";"";"0";"0";"";"Holzbau-Shop";"";"2597,00";"2597,00";"0,0"
